65472,12,6.20051,-75.5782,1500.27,61,EGZ112,27
66545,4482,6.20118,-75.5757,1515.79,52,EGZ112,22
66547,4479,6.20141,-75.5757,1514,52,EGZ112,22
67113,7655,6.18556,-75.5616,1750.15,45,EGZ112,20
67115,7647,6.18501,-75.5614,1744.99,45,EGZ112,20
67560,10392,6.20272,-75.6016,1577.56,42,EGZ112,20
67576,53,6.20299,-75.6014,1575.95,42,EGZ112,20
67619,385,6.20316,-75.6058,1638.73,41,EGZ112,20
67622,6,6.20317,-75.6058,1638.33,41,EGZ112,20
69197,1004,6.1955,-75.581,1506.99,41,EGZ112,19
69199,1003,6.19542,-75.581,1506.59,41,EGZ112,19
69244,1313,6.20054,-75.5783,1500.23,41,EGZ112,20
69826,52,6.20062,-75.5783,1500.02,41,EGZ112,29
69853,234,6.19863,-75.5779,1503.54,40,EGZ112,29
69855,225,6.2001,-75.5775,1502.17,40,EGZ112,29
70231,3670,6.20058,-75.5782,1500.19,33,EGZ112,28
70897,20,6.20055,-75.5782,1500.22,34,EGZ112,26
70985,751,6.20493,-75.5771,1496.25,33,EGZ112,26
71049,27,6.20778,-75.5767,1493.39,32,EGZ112,26
71709,4705,6.3055,-75.5604,1484.67,25,EGZ112,22
71711,4703,6.30546,-75.5604,1484.82,25,EGZ112,22
71723,4823,6.30821,-75.5603,1475.59,25,EGZ112,22
71725,4820,6.30815,-75.5603,1475.74,25,EGZ112,22
71908,6156,6.34677,-75.5739,1505.19,22,EGZ112,20
71913,29,6.34664,-75.5737,1500.3,22,EGZ112,20
71925,103,6.34698,-75.5752,1514.45,22,EGZ112,20
72169,27,6.34699,-75.5753,1511.87,21,EGZ112,15
72356,1726,6.23841,-75.5756,1471.68,17,EGZ112,17
72390,18,6.23774,-75.5757,1471.67,18,EGZ112,17
72406,198,6.23957,-75.5801,1475.51,17,EGZ112,17
72408,191,6.23961,-75.579,1473.45,17,EGZ112,17
72455,565,6.24958,-75.5994,1508.18,16,EGZ112,17
72457,561,6.2495,-75.5993,1508.19,16,EGZ112,17
72474,664,6.24817,-75.5985,1506.71,16,EGZ112,17
72492,3,6.24828,-75.5984,1506.43,20,EGZ112,17
72675,937,6.23884,-75.6016,1515.84,55,EGZ112,17
72834,45,6.23875,-75.6022,1518.1,55,EGZ112,17
72950,1014,6.20938,-75.5718,1521.51,52,EGZ112,16
73091,32,6.20947,-75.5718,1521.99,52,EGZ112,17
73143,419,6.19535,-75.5744,1553.47,51,EGZ112,16
73145,409,6.19626,-75.575,1540.45,51,EGZ112,16
73540,2943,6.23229,-75.5011,2567.49,25,EGZ112,10
74310,194,6.23271,-75.5023,2554.7,20,EGZ112,17
74388,709,6.21997,-75.4989,2557.48,18,EGZ112,15
74390,707,6.22003,-75.4987,2557.53,18,EGZ112,15
74401,766,6.21852,-75.5016,2521.56,18,EGZ112,15
74403,765,6.21863,-75.5016,2521.25,18,EGZ112,15
74647,2675,6.19459,-75.5694,1613.08,17,EGZ112,22
74649,2667,6.19373,-75.5698,1612.69,17,EGZ112,22
74705,3051,6.20057,-75.5783,1500.19,16,EGZ112,24
77209,26,6.20061,-75.5777,1500.61,16,EGZ112,25
78671,6393,6.15586,-75.5998,1668.08,2,EGZ112,28
78959,11,6.15584,-75.5997,1663.77,3,EGZ112,23
79147,1231,6.2006,-75.5783,1500.1,2,EGZ112,27
82562,245,6.19133,-75.5802,1511.31,0,EGZ112,17
82685,989,6.17485,-75.5933,1531.9,0,EGZ112,16
83043,16,6.17474,-75.5933,1532.09,100,EGZ112,24
83091,320,6.18683,-75.5847,1516.38,100,EGZ112,25
83093,318,6.18675,-75.5848,1516.49,100,EGZ112,25
83111,437,6.19776,-75.5802,1502.28,100,EGZ112,26
83113,434,6.19735,-75.5803,1502.49,100,EGZ112,26
83150,697,6.21827,-75.5766,1486.31,100,EGZ112,27
83280,6,6.21823,-75.5764,1486.66,100,EGZ112,21
83399,761,6.20308,-75.5773,1498.16,100,EGZ112,22
83401,759,6.20326,-75.5773,1498.23,100,EGZ112,22
83458,1140,6.20055,-75.5782,1500.22,100,EGZ112,21
88844,58,6.20053,-75.5783,1500.24,100,EGZ112,25
88904,682,6.19251,-75.58,1510.18,100,EGZ112,23
89200,44,6.19254,-75.5793,1523.43,100,EGZ112,24
89258,419,6.19702,-75.5744,1541.57,100,EGZ112,25
89399,27,6.19702,-75.5744,1541.57,100,EGZ112,25
89444,381,6.20612,-75.5769,1495.54,98,EGZ112,26
89905,7,6.21224,-75.5751,1496.14,98,EGZ112,26
89997,620,6.19251,-75.5764,1539.26,96,EGZ112,26
89999,617,6.19276,-75.5764,1538.53,96,EGZ112,26
90043,976,6.2018,-75.5789,1499.24,95,EGZ112,26
90044,974,6.20179,-75.579,1499.09,95,EGZ112,26
90054,1050,6.20056,-75.5782,1500.21,95,EGZ112,26
91103,24,6.2005,-75.5782,1500.28,95,EGZ112,22
91189,763,6.20228,-75.5919,1532.48,93,EGZ112,22
91190,758,6.20204,-75.5915,1524.92,93,EGZ112,22
91259,1353,6.20278,-75.6019,1579.11,92,EGZ112,22
91315,56,6.20341,-75.6035,1609.3,91,EGZ112,21
91399,762,6.20327,-75.6058,1634.58,90,EGZ112,21
92321,28,6.20328,-75.6058,1634.24,90,EGZ112,19
92493,1550,6.24206,-75.6137,1589.07,87,EGZ112,17
92514,32,6.24358,-75.6139,1586.12,87,EGZ112,17
92550,320,6.23516,-75.606,1548.99,87,EGZ112,17
92552,317,6.23534,-75.6059,1548.46,87,EGZ112,17
92653,1341,6.20321,-75.6058,1636.73,83,EGZ112,17
92833,9,6.20351,-75.6058,1628.29,83,EGZ112,19
92900,422,6.20263,-75.5878,1503.66,83,EGZ112,19
92902,419,6.20251,-75.5878,1503.85,83,EGZ112,19
93017,1153,6.20088,-75.5778,1499.85,82,EGZ112,20
93502,25,6.20069,-75.5784,1499.79,82,EGZ112,27
93855,2461,6.20803,-75.5643,1572.57,77,EGZ112,26
94207,13,6.20809,-75.5643,1572.07,77,EGZ112,27
94325,770,6.21652,-75.5669,1569.74,76,EGZ112,25
94327,767,6.21627,-75.5669,1568.88,76,EGZ112,25
94516,2030,6.2018,-75.5792,1498.6,74,EGZ112,26
94518,2020,6.20177,-75.5792,1498.69,74,EGZ112,26
94545,2238,6.20059,-75.5782,1500.17,74,EGZ112,26
96843,2,6.20063,-75.5784,1499.98,74,EGZ112,29
96855,97,6.20152,-75.5774,1500.78,74,EGZ112,29
96857,94,6.20153,-75.5774,1500.75,74,EGZ112,29
97071,1865,6.17484,-75.5933,1531.87,72,EGZ112,31
97204,8,6.17475,-75.5933,1532.03,99,EGZ112,29
97251,230,6.18646,-75.5852,1516.98,99,EGZ112,29
97253,226,6.18635,-75.5854,1517.25,99,EGZ112,29
97301,533,6.20054,-75.5782,1500.23,99,EGZ112,29
110735,10,6.2005,-75.5782,1500.28,99,EGZ112,29
110745,80,6.20059,-75.5782,1500.17,99,EGZ112,29
110755,6,6.20063,-75.5782,1500.09,99,EGZ112,30
110823,440,6.20565,-75.5715,1524.67,98,EGZ112,29
110824,436,6.20532,-75.5714,1525.63,98,EGZ112,29
110877,791,6.20707,-75.5616,1613.25,96,EGZ112,29
110906,8,6.20696,-75.5611,1616.46,97,EGZ112,27
110974,893,6.20701,-75.5614,1614.54,96,EGZ112,26
111088,10,6.20715,-75.5615,1613.34,96,EGZ112,27
111233,1323,6.23607,-75.591,1487.63,94,EGZ112,32
111260,8,6.23605,-75.591,1487.6,94,EGZ112,32
111315,385,6.2268,-75.5874,1487.77,93,EGZ112,31
111745,11,6.20675,-75.5618,1614.89,89,EGZ112,24
111988,1579,6.15588,-75.5309,2500.04,73,EGZ112,17
112522,7,6.1558,-75.5311,2490.77,74,EGZ112,15
112583,615,6.18823,-75.5525,1888.8,77,EGZ112,15
112584,611,6.18772,-75.5527,1893.63,77,EGZ112,15
112638,1016,6.20705,-75.5617,1612.64,78,EGZ112,18
113681,12,6.20701,-75.5617,1612.99,78,EGZ112,18
113745,413,6.20822,-75.5715,1520.43,78,EGZ112,20
113812,28,6.2082,-75.5716,1519.88,78,EGZ112,23
113864,366,6.21176,-75.5762,1492.59,77,EGZ112,24
113901,9,6.21172,-75.5763,1492.48,77,EGZ112,26
113938,234,6.21188,-75.5753,1495.8,77,EGZ112,26
114091,19,6.21186,-75.5753,1495.81,77,EGZ112,25
114113,288,6.21175,-75.5751,1495.96,77,EGZ112,25
114117,8,6.21209,-75.5751,1496,77,EGZ112,25
114182,484,6.20884,-75.5701,1530.32,75,EGZ112,27
114230,48,6.20889,-75.5704,1528.97,75,EGZ112,27
114258,264,6.21014,-75.5691,1535.25,75,EGZ112,27
114260,253,6.21018,-75.5694,1533.72,75,EGZ112,27
114291,457,6.20702,-75.5615,1614.15,74,EGZ112,27
114405,7,6.20706,-75.5618,1611.71,74,EGZ112,25
114422,109,6.20864,-75.5641,1575.68,74,EGZ112,26
114424,106,6.20851,-75.5639,1577.45,74,EGZ112,26
114456,362,6.21363,-75.5763,1490.76,74,EGZ112,28
114458,360,6.21364,-75.5762,1490.81,74,EGZ112,28
114527,761,6.20053,-75.5782,1500.25,72,EGZ112,29
117894,16,6.20059,-75.5783,1500.14,72,EGZ112,30
118123,1608,6.17181,-75.5993,1538.38,70,EGZ112,31
119554,4,6.21309,-75.5884,1496.29,100,EGZ112,26
119659,848,6.21178,-75.5952,1507.72,100,EGZ112,25
119743,622,6.20814,-75.591,1511.74,100,EGZ112,25
119787,937,6.21119,-75.5885,1498.55,98,EGZ112,22
129369,13,6.20055,-75.5783,1500.21,74,EGZ112,32
129407,259,6.19184,-75.5802,1510.71,73,EGZ112,32
129409,258,6.19187,-75.5802,1510.67,73,EGZ112,32
129470,614,6.18138,-75.5871,1522.37,72,EGZ112,33
129472,612,6.18149,-75.587,1522.64,72,EGZ112,33
129639,1727,6.167,-75.5974,1544.25,70,EGZ112,35
129651,8,6.16701,-75.5974,1544.24,70,EGZ112,36
129705,488,6.15737,-75.5982,1603.24,68,EGZ112,33
129707,484,6.15762,-75.5982,1595.59,68,EGZ112,33
129730,655,6.15404,-75.598,1681.99,66,EGZ112,31
129809,15,6.15426,-75.5977,1678.2,66,EGZ112,27
129933,1128,6.19972,-75.578,1501.78,65,EGZ112,32
130309,18,6.19968,-75.5779,1501.94,65,EGZ112,26
130541,1499,6.1809,-75.5912,1523.36,63,EGZ112,27
130543,1496,6.18097,-75.5912,1523.27,63,EGZ112,27
130704,2913,6.155,-75.6,1687.96,58,EGZ112,24
130865,76,6.19795,-75.5583,1719.56,53,EGZ112,26
130988,915,6.19521,-75.5816,1506.83,53,EGZ112,20
130990,911,6.19534,-75.582,1511.61,53,EGZ112,20
131071,1443,6.17023,-75.5956,1539.94,51,EGZ112,18
131073,1440,6.17055,-75.5953,1539.41,51,EGZ112,18
131184,2399,6.15414,-75.5976,1686.18,48,EGZ112,17
132287,28,6.15397,-75.5978,1687.13,48,EGZ112,18
132439,925,6.19721,-75.5802,1502.09,47,EGZ112,20
132441,924,6.1971,-75.5803,1502.29,47,EGZ112,20
132474,1122,6.2009,-75.5779,1499.85,47,EGZ112,19
132928,8,6.2009,-75.5779,1499.85,47,EGZ112,29
132934,50,6.20057,-75.5782,1500.2,47,EGZ112,29
133643,22,6.20068,-75.5782,1499.84,47,EGZ112,30
133772,850,6.19101,-75.5802,1511.49,45,EGZ112,33
133774,847,6.19112,-75.5802,1511.46,45,EGZ112,33
133888,1706,6.17483,-75.5932,1532.33,44,EGZ112,32
133897,9,6.17479,-75.5932,1532.39,44,EGZ112,33
134316,125,6.17546,-75.5915,1532.21,100,EGZ112,27
134318,117,6.17546,-75.5915,1532.21,100,EGZ112,27
134340,256,6.17403,-75.5923,1533.46,100,EGZ112,27
134379,4,6.17183,-75.5993,1538.39,100,EGZ112,20
134397,99,6.17284,-75.5977,1537.99,100,EGZ112,21
136687,28,6.17285,-75.5977,1537.96,100,EGZ112,36
137473,2511,6.08916,-75.634,1747.88,93,EGZ112,29
137828,27,6.08914,-75.6341,1749.26,92,EGZ112,26
138030,3190,6.10495,-75.6849,2027.75,86,EGZ112,20
138040,5,6.10499,-75.6849,2028.3,86,EGZ112,21
138138,295,6.08919,-75.6341,1749.28,86,EGZ112,23
138805,20,6.08925,-75.6339,1745.85,85,EGZ112,14
139215,5019,5.97052,-75.8364,552.813,81,EGZ112,21
139229,50,5.97053,-75.8365,551.226,81,EGZ112,21
139481,2417,5.84764,-76.0149,1146.59,58,EGZ112,22
139706,21,5.85046,-76.0265,1207.79,56,EGZ112,39
139884,1346,5.85034,-76.0265,1205.94,53,EGZ112,33
140141,10,5.85034,-76.0265,1205.94,53,EGZ112,23
140176,253,5.85077,-76.0251,1202.06,53,EGZ112,23
140180,19,5.85077,-76.0251,1202.06,53,EGZ112,24
140193,90,5.84992,-76.0246,1195.91,52,EGZ112,24
140304,37,5.84987,-76.0246,1196.47,52,EGZ112,23
140502,3116,5.96914,-75.8381,540.996,41,EGZ112,23
140522,5,5.96918,-75.8381,540.675,41,EGZ112,24
141111,64,6.08925,-75.634,1747.8,7,EGZ112,18
141952,60,6.0892,-75.634,1747.83,8,EGZ112,28
142155,1639,6.17278,-75.5977,1538.18,7,EGZ112,33
142160,17,6.17278,-75.5977,1538.18,7,EGZ112,32
142212,454,6.17486,-75.5933,1531.93,7,EGZ112,33
142443,126,6.17484,-75.592,1532.84,55,EGZ112,27
142489,620,6.17179,-75.5993,1538.34,54,EGZ112,27
142522,4,6.17184,-75.5993,1538.36,54,EGZ112,18
142538,114,6.17292,-75.5978,1537.62,54,EGZ112,18
144877,6,6.17291,-75.5977,1537.71,53,EGZ112,28
144883,37,6.17176,-75.5993,1538.3,53,EGZ112,28
144961,3,6.17177,-75.5992,1538.35,53,EGZ112,34
145078,826,6.17478,-75.5932,1532.44,52,EGZ112,33
145081,4,6.17477,-75.5932,1532.48,52,EGZ112,33
145086,40,6.17485,-75.5933,1531.9,52,EGZ112,33
145220,10,6.17479,-75.5932,1532.39,100,EGZ112,31
145370,1217,6.20059,-75.5781,1500.18,100,EGZ112,32
147347,21,6.16784,-75.571,1672.57,97,EGZ112,33
147504,1189,6.19845,-75.5798,1502.25,96,EGZ112,32
147513,44,6.20055,-75.5782,1500.22,95,EGZ112,33
147748,1975,6.25889,-75.6162,1537.55,89,EGZ112,34
147758,29,6.2589,-75.6162,1537.54,89,EGZ112,34
147946,1418,6.23438,-75.6022,1524.5,87,EGZ112,30
147948,1415,6.23438,-75.6022,1524.5,87,EGZ112,30
148100,2453,6.21902,-75.5979,1509.79,85,EGZ112,30
148560,35,6.21893,-75.5979,1510.03,85,EGZ112,26
148637,595,6.21562,-75.6014,1529.85,84,EGZ112,26
148892,343,6.22059,-75.5993,1516.49,83,EGZ112,24
149072,1569,6.2589,-75.6161,1537.24,81,EGZ112,23
149162,38,6.25893,-75.6162,1537.46,81,EGZ112,23
149439,2449,6.20058,-75.5782,1500.19,77,EGZ112,22
151010,34,6.20057,-75.5782,1500.2,78,EGZ112,31
151537,3917,6.15255,-75.6111,1582.34,72,EGZ112,32
151539,3914,6.15255,-75.6111,1582.34,72,EGZ112,32
151556,4043,6.15186,-75.6116,1584.01,72,EGZ112,33
151565,14,6.15185,-75.6116,1584.04,72,EGZ112,31
151687,821,6.15725,-75.6151,1574.98,71,EGZ112,33
152091,15,6.1571,-75.6151,1574.77,71,EGZ112,27
152297,1480,6.16531,-75.581,1583.54,68,EGZ112,29
152299,1478,6.16537,-75.5811,1583.06,68,EGZ112,29
152362,1890,6.16764,-75.569,1695.39,66,EGZ112,28
152370,25,6.16764,-75.569,1695.39,66,EGZ112,28
152855,3569,6.16785,-75.569,1691.33,56,EGZ112,25
152868,15,6.16791,-75.569,1690.49,56,EGZ112,26
152961,613,6.18318,-75.5786,1534.37,56,EGZ112,25
157138,3,6.2006,-75.5782,1500.16,55,EGZ112,27
157237,605,6.18323,-75.5815,1530.39,52,EGZ112,26
158320,4,6.18333,-75.5816,1529.65,52,EGZ112,24
158351,284,6.18274,-75.5788,1536.19,51,EGZ112,26
158366,7,6.18265,-75.5786,1537.05,51,EGZ112,27
158463,628,6.17636,-75.5909,1529.38,50,EGZ112,28
158486,6,6.17636,-75.5909,1529.38,50,EGZ112,28
158536,316,6.17484,-75.5932,1532.32,49,EGZ112,29
158671,7,6.17486,-75.5933,1531.93,99,EGZ112,29
158787,768,6.18344,-75.5816,1529.42,99,EGZ112,27
158850,280,6.174,-75.5811,1554.84,98,EGZ112,24
159341,3910,6.16995,-75.5822,1569.35,92,EGZ112,23
159399,13,6.16993,-75.5822,1569.52,91,EGZ112,23
159405,57,6.17078,-75.5832,1564.55,91,EGZ112,23
159407,53,6.17072,-75.5832,1564.72,91,EGZ112,23
159826,4003,6.17938,-75.4423,2163.76,76,EGZ112,20
159854,11,6.17946,-75.4423,2164.01,76,EGZ112,19
159876,155,6.17895,-75.4431,2168.23,75,EGZ112,18
159878,152,6.1789,-75.4436,2169.91,75,EGZ112,18
159899,288,6.17525,-75.4356,2149.39,75,EGZ112,18
159969,30,6.17423,-75.4342,2144.45,75,EGZ112,17
160205,1681,6.12461,-75.4197,2116.5,71,EGZ112,16
160274,53,6.12458,-75.4197,2116.53,71,EGZ112,15
160338,440,6.14309,-75.4335,2105.45,70,EGZ112,15
160340,436,6.14297,-75.4333,2105.08,70,EGZ112,15
160358,561,6.15444,-75.4361,2136.53,69,EGZ112,15
160360,557,6.15412,-75.4362,2135.64,69,EGZ112,15
160492,2671,6.18525,-75.581,1525.44,69,EGZ112,20
161044,307,6.19278,-75.5818,1508.44,67,EGZ112,22
161137,931,6.20058,-75.5782,1500.19,65,EGZ112,22
164104,12,6.20055,-75.5782,1500.22,65,EGZ112,31
164256,1004,6.21262,-75.5933,1502.08,63,EGZ112,32
164310,179,6.21176,-75.5931,1502.06,62,EGZ112,28
164359,538,6.21444,-75.5937,1499.91,61,EGZ112,29
164361,535,6.21473,-75.5936,1498.73,61,EGZ112,29
164787,2750,6.14318,-75.6217,1634.26,56,EGZ112,28
166383,27,6.14341,-75.6225,1634.07,55,EGZ112,18
166559,1244,6.1739,-75.6497,1838.92,50,EGZ112,18
166632,2,6.17388,-75.6497,1839.2,50,EGZ112,21
167087,3668,6.20096,-75.5793,1499.41,48,EGZ112,23
167090,72,6.20096,-75.5793,1499.41,48,EGZ112,22
167307,1815,6.20055,-75.5782,1500.22,48,EGZ112,24
167645,28,6.20055,-75.5782,1500.22,48,EGZ112,29
167693,367,6.1936,-75.5798,1511.09,47,EGZ112,29
167695,361,6.19438,-75.5797,1514.04,47,EGZ112,29
167735,673,6.18636,-75.5783,1545.36,46,EGZ112,29
167737,670,6.18644,-75.5783,1545.75,46,EGZ112,29
167879,1538,6.16528,-75.5711,1669.55,43,EGZ112,27
168678,3,6.16522,-75.5711,1669.28,43,EGZ112,20
168710,228,6.16705,-75.5691,1703.94,42,EGZ112,20
168712,225,6.16704,-75.5693,1700.96,42,EGZ112,20
168744,438,6.16933,-75.5683,1689.96,42,EGZ112,20
168761,14,6.16933,-75.5683,1689.96,42,EGZ112,19
168885,850,6.19693,-75.5601,1727.34,39,EGZ112,20
168891,7,6.1967,-75.5601,1729.3,39,EGZ112,20
168900,60,6.19686,-75.5602,1717.74,39,EGZ112,20
168992,4,6.19706,-75.56,1735.62,81,EGZ112,21
169165,1560,6.17998,-75.5676,1704.2,78,EGZ112,18
169167,1557,6.18008,-75.5675,1705.98,78,EGZ112,18
169236,2190,6.16478,-75.5716,1662.69,78,EGZ112,18
171083,12,6.16478,-75.5716,1662.69,77,EGZ112,21
171148,545,6.18089,-75.5769,1558.54,76,EGZ112,25
171150,528,6.1791,-75.5775,1554.23,77,EGZ112,24
171250,1385,6.20067,-75.578,1500.23,76,EGZ112,30
171252,1375,6.20067,-75.578,1500.23,76,EGZ112,30
171264,1462,6.20056,-75.5782,1500.21,75,EGZ112,30
171715,76,6.20067,-75.5782,1499.92,75,EGZ112,27
172002,2152,6.17536,-75.5874,1550.51,73,EGZ112,27
172073,16,6.1753,-75.5874,1551,72,EGZ112,25
172090,129,6.17433,-75.5875,1554.04,72,EGZ112,24
172092,125,6.17426,-75.5874,1553.98,72,EGZ112,24
172100,189,6.17306,-75.5886,1557.13,72,EGZ112,24
172102,187,6.17321,-75.5885,1556.9,72,EGZ112,24
172174,730,6.16519,-75.5974,1547.17,71,EGZ112,24
172176,727,6.16505,-75.5974,1547.23,71,EGZ112,24
172202,907,6.16632,-75.5983,1545.43,71,EGZ112,24
172447,20,6.16627,-75.5983,1545.5,71,EGZ112,22
172582,911,6.18373,-75.5883,1519.92,70,EGZ112,22
172584,907,6.18331,-75.5887,1520.19,70,EGZ112,22
172647,1332,6.20044,-75.5722,1541.25,69,EGZ112,22
172799,6,6.20044,-75.5722,1541.25,69,EGZ112,24
172991,1368,6.16626,-75.5983,1545.52,66,EGZ112,22
173727,2,6.16627,-75.5983,1545.5,66,EGZ112,17
173831,672,6.2006,-75.5782,1500.16,64,EGZ112,18
174072,47,6.20055,-75.5782,1500.22,64,EGZ112,18
174298,1669,6.18349,-75.5815,1529.16,61,EGZ112,17
174884,59,6.18399,-75.5797,1531.05,60,EGZ112,25
174954,701,6.18338,-75.5788,1533.56,59,EGZ112,25
174956,695,6.18361,-75.5787,1535.86,59,EGZ112,25
174985,891,6.19165,-75.5765,1547.16,59,EGZ112,25
174987,888,6.19135,-75.5767,1547.86,59,EGZ112,25
175066,1496,6.19864,-75.5749,1528.69,58,EGZ112,26
175536,17,6.1967,-75.5746,1543.96,57,EGZ112,24
175617,569,6.18974,-75.568,1653.08,54,EGZ112,25
175619,568,6.18978,-75.568,1653.23,54,EGZ112,25
175760,1724,6.17895,-75.5877,1527.34,54,EGZ112,24
175777,13,6.17898,-75.5876,1528.33,54,EGZ112,25
175800,105,6.17957,-75.5882,1524.4,54,EGZ112,25
176005,11,6.17485,-75.5933,1531.9,96,EGZ112,23
176016,69,6.17696,-75.5929,1529.11,96,EGZ112,23
176018,64,6.17666,-75.593,1529.23,96,EGZ112,23
176036,256,6.18681,-75.5819,1520.05,95,EGZ112,23
176038,253,6.1865,-75.5821,1519.88,95,EGZ112,23
176102,738,6.18386,-75.5821,1527.96,94,EGZ112,22
176364,61,6.18351,-75.5816,1529.1,92,EGZ112,22
176475,1034,6.18334,-75.5814,1529.91,91,EGZ112,22
176569,4,6.18354,-75.5813,1528.99,91,EGZ112,23
176645,484,6.17916,-75.5832,1538.04,90,EGZ112,22
176727,38,6.17918,-75.5832,1537.99,90,EGZ112,22
176763,278,6.18356,-75.5814,1528.8,90,EGZ112,21
176893,56,6.18352,-75.5815,1529,90,EGZ112,20
176996,685,6.18312,-75.5813,1530.9,88,EGZ112,18
177001,6,6.18312,-75.5813,1530.9,88,EGZ112,17
177022,137,6.18194,-75.5768,1548.53,87,EGZ112,18
177024,135,6.18212,-75.577,1544.95,87,EGZ112,18
177200,1321,6.18534,-75.5491,2021.62,69,EGZ112,13
177202,1314,6.18636,-75.5485,2039.82,69,EGZ112,13
177256,1689,6.18201,-75.5707,1658.35,69,EGZ112,16
177258,1679,6.18376,-75.5705,1644.19,69,EGZ112,16
177264,1750,6.18181,-75.575,1570.64,69,EGZ112,16
177266,1747,6.18185,-75.5746,1576.12,69,EGZ112,16
177295,1953,6.18348,-75.5815,1529.22,68,EGZ112,17
180539,249,6.2017,-75.5775,1500.06,65,EGZ112,27
180858,2476,6.17439,-75.5933,1533.08,62,EGZ112,29
181859,10,6.16628,-75.5935,1547.86,99,EGZ112,24
182417,2148,6.14612,-75.6115,1697.21,97,EGZ112,19
182866,23,6.14612,-75.6115,1697.21,96,EGZ112,20
183012,961,6.16629,-75.5936,1547.09,96,EGZ112,17
183018,11,6.16629,-75.5936,1547.09,96,EGZ112,17
183027,65,6.16664,-75.5936,1546.22,96,EGZ112,17
183044,11,6.16672,-75.5937,1545.18,96,EGZ112,17
183422,2929,6.24296,-75.6014,1518.63,89,EGZ112,17
183427,5,6.24294,-75.6014,1518.77,89,EGZ112,17
183909,1661,6.1551,-75.6091,1580.11,82,EGZ112,16
184951,9,6.16671,-75.5937,1545.19,82,EGZ112,17
185076,1036,6.20058,-75.5782,1500.19,80,EGZ112,18
185912,26,6.20055,-75.5782,1500.22,80,EGZ112,18
186133,1399,6.17872,-75.5981,1537.78,78,EGZ112,18
186135,1392,6.17892,-75.5982,1538.45,78,EGZ112,18
186146,1483,6.17827,-75.5974,1536,78,EGZ112,17
186162,46,6.17829,-75.5974,1536.01,78,EGZ112,17
186354,1597,6.15477,-75.5972,1658.16,74,EGZ112,17
186472,71,6.15478,-75.5972,1657.45,74,EGZ112,24
186627,1224,6.17976,-75.5838,1537.47,73,EGZ112,21
186731,7,6.17982,-75.5838,1537.53,73,EGZ112,23
186999,1650,6.19557,-75.5601,1722.42,68,EGZ112,24
187460,592,6.21053,-75.5681,1541.85,69,EGZ112,24
187522,1020,6.18585,-75.5871,1516.93,67,EGZ112,26
187523,1019,6.18595,-75.587,1517.3,67,EGZ112,26
187673,2211,6.15455,-75.5972,1674.8,63,EGZ112,24
187691,17,6.15454,-75.5972,1675.2,63,EGZ112,23
187907,1483,6.20057,-75.5782,1500.2,61,EGZ112,23
187909,34,6.20056,-75.5782,1500.21,61,EGZ112,23
193954,214,6.2012,-75.5779,1499.26,57,EGZ112,26
193956,53,6.20117,-75.5778,1499.28,57,EGZ112,26
194239,2407,6.15838,-75.5983,1587.66,53,EGZ112,27
194341,8,6.15844,-75.5982,1584.45,54,EGZ112,28
194422,794,6.17003,-75.582,1568.47,53,EGZ112,27
194427,6,6.17008,-75.5821,1568.3,53,EGZ112,27
194453,210,6.16993,-75.5825,1568.55,52,EGZ112,27
194516,25,6.16993,-75.5825,1568.55,53,EGZ112,22
194696,1826,6.20759,-75.5638,1580.93,50,EGZ112,22
194866,23,6.20763,-75.5637,1581.94,50,EGZ112,20
194915,291,6.18486,-75.5702,1640.2,47,EGZ112,19
195482,24,6.16991,-75.5823,1569.46,45,EGZ112,19
195521,362,6.16221,-75.5771,1655.38,44,EGZ112,18
195546,28,6.16245,-75.577,1652.52,43,EGZ112,18
195577,329,6.16997,-75.5822,1569.18,43,EGZ112,19
195743,18,6.16991,-75.5822,1569.7,43,EGZ112,21
195858,922,6.20056,-75.5782,1500.21,42,EGZ112,20
196257,4,6.20058,-75.5782,1500.19,42,EGZ112,22
196466,1650,6.23757,-75.5927,1490.68,39,EGZ112,22
197193,23,6.23762,-75.5927,1490.62,39,EGZ112,20
197385,1521,6.2006,-75.5782,1500.16,36,EGZ112,18
197620,30,6.20061,-75.5783,1500.06,35,EGZ112,24
197766,1451,6.23888,-75.5844,1476.73,32,EGZ112,23
197791,7,6.2388,-75.5845,1476.76,32,EGZ112,22
197801,77,6.2389,-75.5844,1476.71,32,EGZ112,23
197812,11,6.23882,-75.5845,1476.75,32,EGZ112,24
197871,553,6.24022,-75.5866,1478.25,31,EGZ112,24
197885,1,6.24022,-75.5866,1478.25,31,EGZ112,25
198064,1285,6.23888,-75.5844,1476.73,30,EGZ112,26
198201,46,6.23881,-75.5844,1476.75,31,EGZ112,22
199683,1837,6.20059,-75.5782,1500.17,85,EGZ112,21
202426,32,6.20057,-75.5782,1500.2,85,EGZ112,23
202653,1895,6.23884,-75.5845,1476.75,81,EGZ112,24
202715,39,6.23882,-75.5844,1476.75,81,EGZ112,25
202780,441,6.2312,-75.5828,1480,80,EGZ112,26
202782,438,6.23152,-75.5828,1479.16,80,EGZ112,26
203062,2353,6.22925,-75.5735,1478.65,78,EGZ112,27
203064,2351,6.22934,-75.5734,1478.53,78,EGZ112,27
203085,2539,6.23021,-75.5743,1477.61,77,EGZ112,26
203775,3,6.2388,-75.5845,1476.76,75,EGZ112,18
204274,3421,6.20176,-75.5764,1513.9,70,EGZ112,18
204591,16,6.2018,-75.5764,1513.86,70,EGZ112,18
204740,1092,6.20058,-75.5781,1500.17,69,EGZ112,18
204742,11,6.20058,-75.5781,1500.17,69,EGZ112,18
208123,2110,6.22312,-75.5962,1516.49,64,EGZ112,18
208144,26,6.22311,-75.5963,1516.61,63,EGZ112,18
208164,151,6.2223,-75.5975,1513.94,63,EGZ112,18
208167,18,6.2223,-75.5975,1513.94,63,EGZ112,18
209341,1331,6.23925,-75.6067,1536.87,62,EGZ112,17
209343,1329,6.24031,-75.6067,1540.11,62,EGZ112,17
209632,3298,6.20062,-75.5782,1500.12,58,EGZ112,18
211733,119,6.20059,-75.5782,1500.17,57,EGZ112,22
211984,1641,6.15419,-75.5356,2472.23,41,EGZ112,17
211989,16,6.15417,-75.5355,2472.55,41,EGZ112,16
212039,331,6.15996,-75.5241,2557.92,39,EGZ112,15
212041,328,6.15993,-75.5244,2557.69,39,EGZ112,15
212363,2144,6.19008,-75.5667,1678.74,42,EGZ112,18
214721,28,6.18998,-75.5668,1676.05,43,EGZ112,16
214794,503,6.19139,-75.5767,1547.79,43,EGZ112,17
214796,500,6.19154,-75.5767,1547.18,43,EGZ112,17
214825,702,6.19129,-75.5796,1521.54,43,EGZ112,17
215093,9,6.19133,-75.5797,1519.34,43,EGZ112,19
215174,561,6.19026,-75.567,1675.4,40,EGZ112,18
217561,90,6.18842,-75.5655,1692.57,40,EGZ112,31
217734,689,6.19068,-75.5652,1678.86,38,EGZ112,31
217736,685,6.19064,-75.5652,1679.15,38,EGZ112,31
217957,1527,6.20353,-75.5717,1528.25,38,EGZ112,29
217959,1516,6.20313,-75.571,1540.44,38,EGZ112,28
218113,2124,6.20058,-75.5783,1500.18,37,EGZ112,29
222765,237,6.20167,-75.5779,0,36,EGZ112,27
223007,1063,6.16949,-75.5872,0,33,EGZ112,25
223834,13,6.16912,-75.5836,0,34,EGZ112,29
223902,478,6.17483,-75.5933,0,33,EGZ112,29
223907,5,6.17484,-75.5933,0,32,EGZ112,31
224060,838,6.17684,-75.5906,0,30,EGZ112,28
225092,19,6.17498,-75.5929,0,31,EGZ112,24
225146,378,6.16976,-75.5875,0,30,EGZ112,24
225148,377,6.1698,-75.5876,0,30,EGZ112,24
225214,741,6.17434,-75.5845,0,29,EGZ112,23
225216,740,6.17431,-75.5845,0,29,EGZ112,23
225255,1032,6.179,-75.5877,0,29,EGZ112,23
225264,7,6.17899,-75.5877,0,29,EGZ112,23
225312,301,6.17487,-75.5933,0,29,EGZ112,23
225391,14,6.17489,-75.5933,0,69,EGZ112,22
225495,664,6.16995,-75.5822,0,68,EGZ112,19
225522,11,6.16995,-75.5822,0,68,EGZ112,19
225557,242,6.17577,-75.5805,0,67,EGZ112,18
225559,240,6.17575,-75.5805,0,67,EGZ112,18
225676,1325,6.19506,-75.5475,0,56,EGZ112,15
225703,96,6.18572,-75.5465,0,54,EGZ112,16
225745,513,6.15309,-75.5329,0,47,EGZ112,14
225767,54,6.15355,-75.5331,0,47,EGZ112,13
225809,274,6.16321,-75.5457,0,47,EGZ112,13
225811,271,6.1628,-75.5456,0,47,EGZ112,13
225909,1844,6.17003,-75.5826,0,52,EGZ112,18
225918,33,6.16999,-75.5826,0,51,EGZ112,16
226142,1703,6.2006,-75.5782,0,49,EGZ112,17
226144,58,6.20058,-75.5782,0,48,EGZ112,25
226298,1496,6.1764,-75.5908,0,46,EGZ112,24
226300,108,6.1764,-75.5908,0,45,EGZ112,24
226385,1010,6.15999,-75.604,0,43,EGZ112,23
226490,982,6.19917,-75.5667,0,39,EGZ112,23
226553,1565,6.20989,-75.5624,0,39,EGZ112,26
226555,26,6.20988,-75.5624,0,39,EGZ112,26
226686,1617,6.15345,-75.5412,0,21,EGZ112,14
226688,17,6.15312,-75.5412,0,22,EGZ112,14
226899,1359,6.08287,-75.4766,0,64,EGZ112,20
226901,13,6.08269,-75.4767,0,64,EGZ112,27
227017,1166,6.03122,-75.4306,0,60,EGZ112,24
227188,60,6.03121,-75.4307,0,59,EGZ112,23
228224,4208,6.22543,-75.5755,0,47,EGZ112,19
228228,97,6.2253,-75.5756,0,47,EGZ112,20
228437,1909,6.21678,-75.6053,0,43,EGZ112,18
228446,72,6.21692,-75.6053,0,42,EGZ112,18
228506,968,6.21926,-75.5989,0,41,EGZ112,17
228508,955,6.21858,-75.5991,0,41,EGZ112,17
228924,4402,6.20057,-75.5782,0,37,EGZ112,17
228933,18,6.20063,-75.5782,0,36,EGZ112,25
228985,372,6.19764,-75.58,0,35,EGZ112,25
228987,4,6.19764,-75.58,0,35,EGZ112,25
229050,538,6.23711,-75.573,0,34,EGZ112,26
229052,42,6.23711,-75.573,0,33,EGZ112,26
229161,945,6.24887,-75.577,0,32,EGZ112,26
229164,3,6.24887,-75.577,0,32,EGZ112,27
229273,906,6.24792,-75.576,0,32,EGZ112,26
229275,27,6.2479,-75.5759,0,32,EGZ112,24
229309,265,6.24832,-75.5781,0,32,EGZ112,25
229311,18,6.24836,-75.5781,0,32,EGZ112,25
229433,606,6.24269,-75.5716,0,29,EGZ112,25
229435,5,6.24266,-75.5716,0,29,EGZ112,24
229662,2471,6.17412,-75.5928,0,24,EGZ112,23
230552,14,6.17481,-75.5933,0,79,EGZ112,18
230563,80,6.17718,-75.5922,0,79,EGZ112,17
230566,37,6.17718,-75.5922,0,79,EGZ112,18
230732,1321,6.18323,-75.5817,0,77,EGZ112,17
231081,290,6.17782,-75.5872,0,56,EGZ112,17
231230,1069,6.21521,-75.5749,0,55,EGZ112,18
231233,11,6.21525,-75.5748,0,55,EGZ112,18
231806,3719,6.16964,-75.5904,0,47,EGZ112,20
232149,18,6.20054,-75.5783,0,43,EGZ112,21
232953,6197,6.17411,-75.5928,0,32,EGZ112,21
233057,8,6.17486,-75.5932,0,99,EGZ112,20
233700,3922,6.16999,-75.5821,0,80,EGZ112,18
233712,17,6.16998,-75.5821,0,80,EGZ112,17
233780,763,6.20059,-75.5783,0,79,EGZ112,18
234199,109,6.20058,-75.5782,0,78,EGZ112,27
234420,1592,6.20982,-75.5707,0,75,EGZ112,31
234425,40,6.21022,-75.5718,0,75,EGZ112,34
234557,1414,6.22579,-75.5758,0,72,EGZ112,32
234864,13,6.22569,-75.5758,0,72,EGZ112,28
235030,1534,6.28413,-75.5659,0,69,EGZ112,26
235032,45,6.28447,-75.5653,0,69,EGZ112,26
235206,1624,6.32451,-75.548,0,68,EGZ112,25
235208,53,6.32277,-75.5493,0,67,EGZ112,23
235246,390,6.31837,-75.5516,0,67,EGZ112,24
236272,77,6.31838,-75.5518,0,67,EGZ112,27
236485,1782,6.25007,-75.5799,0,61,EGZ112,28
236487,1780,6.25026,-75.5799,0,61,EGZ112,28
236632,2846,6.20059,-75.5782,0,56,EGZ112,28
237277,13,6.20067,-75.5782,0,55,EGZ112,30
237568,1922,6.18648,-75.5784,0,51,EGZ112,32
237570,1921,6.1865,-75.5783,0,51,EGZ112,32
237640,2413,6.18333,-75.5815,0,51,EGZ112,30
238178,1037,6.19134,-75.5675,0,47,EGZ112,28
238258,1830,6.18314,-75.5814,0,46,EGZ112,27
238262,76,6.18328,-75.579,0,47,EGZ112,24
238279,201,6.18316,-75.5798,0,46,EGZ112,24
238284,22,6.18409,-75.5784,0,46,EGZ112,23
238349,589,6.19616,-75.5793,0,46,EGZ112,24
239244,25,6.19612,-75.5794,0,45,EGZ112,21
239341,708,6.184,-75.5784,0,44,EGZ112,20
239875,72,6.185,-75.5803,0,42,EGZ112,21
240116,1563,6.20059,-75.5782,0,35,EGZ112,25
255725,2,6.2006,-75.5782,0,72,EGZ112,23
255861,880,6.20404,-75.579,0,70,EGZ112,24
255862,876,6.2035,-75.579,0,70,EGZ112,24
255884,977,6.21858,-75.5769,0,70,EGZ112,25
255904,1030,6.22505,-75.576,0,70,EGZ112,25
255928,1166,6.23775,-75.5758,0,70,EGZ112,25
255929,1163,6.2376,-75.5758,0,70,EGZ112,25
255955,1266,6.23849,-75.5756,0,70,EGZ112,27
255957,1255,6.23849,-75.5756,0,70,EGZ112,27
256101,2147,6.22842,-75.5667,0,68,EGZ112,28
256103,2146,6.22854,-75.5667,0,68,EGZ112,28
256129,2253,6.21873,-75.5661,0,67,EGZ112,27
256130,2250,6.21903,-75.5662,0,67,EGZ112,27
256138,2288,6.21711,-75.5644,0,66,EGZ112,26
256140,2285,6.21737,-75.5644,0,66,EGZ112,26
256180,2461,6.22074,-75.5591,0,64,EGZ112,25
256188,2479,6.21925,-75.557,0,64,EGZ112,24
256208,2567,6.21408,-75.5482,0,63,EGZ112,23
256210,2559,6.2137,-75.5493,0,63,EGZ112,23
256267,2812,6.18633,-75.5466,0,58,EGZ112,20
256269,2811,6.18651,-75.5466,0,58,EGZ112,20
256345,3127,6.16732,-75.5453,0,55,EGZ112,20
256347,3125,6.16757,-75.5454,0,55,EGZ112,20
256372,3257,6.15283,-75.5461,0,53,EGZ112,19
