42511,19,6.20061,-75.5783,1500.06,100,GVQ446,19
42941,3203,6.15284,-75.6109,1581.86,95,GVQ446,19
43560,67,6.15257,-75.6111,1582.27,95,GVQ446,20
43738,1648,6.19315,-75.5798,1510.94,94,GVQ446,19
43741,18,6.19316,-75.5798,1510.91,94,GVQ446,19
44002,2423,6.17861,-75.4415,2161.31,77,GVQ446,14
44008,91,6.17509,-75.4353,2148.88,77,GVQ446,15
44491,3991,6.15305,-75.6117,1579.47,69,GVQ446,20
44783,78,0,0,-3492,69,GVQ446,23
44941,1102,6.20053,-75.5783,1500.24,67,GVQ446,28
45034,52,6.20059,-75.5783,1500.14,67,GVQ446,26
45354,2388,6.15278,-75.6114,1580.99,61,GVQ446,24
45356,6,6.15311,-75.6114,1579.08,61,GVQ446,24
46282,1426,6.20055,-75.5782,1500.22,59,GVQ446,20
46419,15,6.20071,-75.5784,1499.75,58,GVQ446,29
46573,1282,6.17487,-75.5933,1531.96,56,GVQ446,31
46680,10,6.1748,-75.5933,1531.82,100,GVQ446,30
46805,692,6.20061,-75.5782,1500.14,100,GVQ446,31
47038,17,6.20067,-75.5784,1499.83,100,GVQ446,18
47492,4550,6.18598,-75.6482,1789.9,95,GVQ446,17
47573,57,6.18596,-75.6484,1796.36,95,GVQ446,15
47794,1810,6.11728,-75.6297,1737.98,91,GVQ446,16
47841,3,6.11736,-75.6298,1733.77,91,GVQ446,16
48098,2088,6.1859,-75.6486,1800.48,83,GVQ446,15
48102,10,6.18586,-75.6485,1797.86,83,GVQ446,15
48127,225,6.18217,-75.6418,1710,83,GVQ446,15
48244,22,6.24625,-75.5891,1479.58,77,GVQ446,17
48633,2589,6.18588,-75.6484,1794.53,63,GVQ446,15
49056,49,6.18584,-75.6485,1797.39,63,GVQ446,28
49602,3367,6.25576,-75.6193,1557.26,58,GVQ446,27
49638,19,6.25575,-75.6193,1557.25,57,GVQ446,32
49973,2158,6.28105,-75.6064,1746.43,52,GVQ446,29
50068,2,6.28109,-75.6063,1747.73,53,GVQ446,32
50452,2842,6.20057,-75.5782,1500.2,49,GVQ446,32
54860,17,6.20058,-75.5782,1500.19,46,GVQ446,26
55101,1701,6.17479,-75.5933,1531.82,44,GVQ446,26
55283,27,6.17478,-75.5933,1531.86,100,GVQ446,21
56514,1617,6.27375,-75.5806,1496.35,79,GVQ446,27
56538,16,6.27373,-75.5806,1496.01,79,GVQ446,25
56632,647,6.27727,-75.5873,1556.77,77,GVQ446,25
56638,6,6.27714,-75.5873,1554.89,77,GVQ446,24
56647,55,6.27698,-75.5875,1552.31,77,GVQ446,25
57633,5,6.27701,-75.5875,1552.47,77,GVQ446,18
57972,2326,6.20059,-75.5783,1500.14,73,GVQ446,26
59367,33,6.20068,-75.5783,1499.74,73,GVQ446,27
59657,2709,6.23189,-75.6043,1532.98,67,GVQ446,31
59671,63,6.23229,-75.6042,1534.1,78,GVQ446,27
59672,123,6.2322,-75.6045,1536.57,79,GVQ446,27
59682,10,6.23211,-75.6047,1537.63,87,GVQ446,27
59817,1106,6.24543,-75.6173,1615.34,84,GVQ446,29
59916,80,6.24609,-75.6167,1612.98,84,GVQ446,27
59952,306,6.24916,-75.6107,1556.54,84,GVQ446,27
59959,43,6.24837,-75.6113,1564.37,84,GVQ446,26
60090,941,6.26874,-75.6028,1565.82,82,GVQ446,26
60195,53,6.26869,-75.6028,1564.28,82,GVQ446,19
60437,1889,6.23256,-75.6049,1538.36,79,GVQ446,21
60609,27,6.23193,-75.6048,1536.71,79,GVQ446,22
60728,950,6.26869,-75.6028,1564.28,77,GVQ446,19
61082,32,6.26865,-75.6029,1562.88,77,GVQ446,23
61444,3243,6.17721,-75.5904,1527.09,72,GVQ446,23
61455,12,6.17721,-75.5904,1527.09,71,GVQ446,24
61517,440,6.17909,-75.5884,1524.52,71,GVQ446,22
61530,19,6.17882,-75.5882,1526.36,71,GVQ446,24
61542,133,6.17894,-75.5878,1526.73,70,GVQ446,23
61564,16,6.17894,-75.5878,1526.73,91,GVQ446,23
61641,754,6.23939,-75.5864,1477.8,89,GVQ446,25
65133,44,6.20186,-75.5778,1499.15,76,GVQ446,30
65198,394,6.22411,-75.5763,1481.2,74,GVQ446,27
65200,391,6.22346,-75.5763,1481.31,74,GVQ446,27
65325,1117,6.31819,-75.5571,1440.16,71,GVQ446,26
65327,1113,6.31787,-75.5571,1440.25,71,GVQ446,26
65336,1201,6.3211,-75.5573,1439.18,71,GVQ446,27
65337,1198,6.32097,-75.5573,1439.32,71,GVQ446,27
65432,2041,6.33352,-75.5783,1581.95,67,GVQ446,24
65526,17,6.33355,-75.5783,1582.71,67,GVQ446,21
66391,1818,6.20702,-75.5618,1612.1,55,GVQ446,19
67642,8,6.21232,-75.5752,1495.99,54,GVQ446,21
67706,435,6.20938,-75.5658,1560.6,52,GVQ446,20
67708,4,6.20933,-75.5658,1560.68,52,GVQ446,20
67737,172,6.20708,-75.5616,1613.18,51,GVQ446,19
69664,11,6.20691,-75.5617,1613.93,51,GVQ446,20
69692,174,6.20973,-75.5673,1547.13,51,GVQ446,22
69704,6,6.20962,-75.5675,1546.39,51,GVQ446,22
69745,268,6.20761,-75.5648,1570.93,51,GVQ446,23
69754,3,6.20761,-75.5648,1570.93,50,GVQ446,23
69775,108,6.20711,-75.5616,1612.97,49,GVQ446,23
70247,9,6.2069,-75.5617,1614.03,49,GVQ446,22
70309,371,6.22283,-75.5763,1482.16,49,GVQ446,24
70311,367,6.2221,-75.5764,1482.62,49,GVQ446,24
70360,752,6.25098,-75.5763,1465.78,48,GVQ446,26
70369,4,6.25098,-75.5763,1465.78,48,GVQ446,28
70378,51,6.24953,-75.5766,1465.98,48,GVQ446,27
70380,46,6.24966,-75.5766,1465.95,48,GVQ446,27
70400,183,6.24775,-75.5776,1468.44,48,GVQ446,26
70425,4,6.24775,-75.5776,1468.44,48,GVQ446,24
70456,249,6.24883,-75.577,1467.62,48,GVQ446,25
70522,10,6.24883,-75.577,1467.62,48,GVQ446,26
70610,638,6.22712,-75.5765,1479.35,46,GVQ446,26
70612,637,6.22717,-75.5765,1479.29,46,GVQ446,26
70730,1367,6.20058,-75.5782,1500.19,43,GVQ446,23
76940,58,6.20056,-75.5783,1500.2,43,GVQ446,22
76950,171,6.20134,-75.5779,1499.19,43,GVQ446,22
76952,168,6.20124,-75.5779,1499.27,43,GVQ446,22
77020,616,6.19884,-75.5777,1503.6,42,GVQ446,21
77022,614,6.19854,-75.5778,1504.54,42,GVQ446,21
77088,948,6.21159,-75.5755,1492.89,41,GVQ446,21
77104,18,6.21143,-75.5755,1492.33,41,GVQ446,25
77582,1458,6.23573,-75.5451,1628.38,77,GVQ446,27
78820,28,6.02291,-75.4316,2143.21,55,GVQ446,26
78834,121,6.02274,-75.4318,2142.97,55,GVQ446,26
79461,26,6.02276,-75.4317,2143.01,54,GVQ446,18
79581,954,6.06614,-75.4642,2267.49,49,GVQ446,14
79583,952,6.06607,-75.464,2264.69,49,GVQ446,14
80005,4718,6.23573,-75.545,1627.5,47,GVQ446,21
80048,28,6.23572,-75.5451,1628.55,48,GVQ446,21
80393,2159,6.24447,-75.5951,1494.91,46,GVQ446,21
80663,49,6.24469,-75.5952,1494.89,45,GVQ446,20
80683,173,6.24639,-75.5977,1502.88,45,GVQ446,20
80685,170,6.24625,-75.5976,1502.52,45,GVQ446,20
80695,233,6.24804,-75.6003,1514.33,45,GVQ446,19
80697,229,6.24807,-75.6001,1513.68,45,GVQ446,19
81140,3239,6.23554,-75.5451,1631.64,36,GVQ446,17
82148,7,6.23566,-75.545,1628.62,35,GVQ446,17
82195,297,6.23763,-75.5522,1584.07,35,GVQ446,16
82197,295,6.23753,-75.5522,1584.38,35,GVQ446,16
82494,2339,6.19849,-75.5798,1502.28,32,GVQ446,17
86028,10,6.20059,-75.5783,1500.14,32,GVQ446,25
86042,112,6.20022,-75.5774,1502.37,32,GVQ446,24
86044,109,6.20032,-75.5774,1502.29,32,GVQ446,24
86158,823,6.17836,-75.5891,1526.22,30,GVQ446,26
86160,821,6.17843,-75.589,1525.97,30,GVQ446,26
86203,1070,6.17482,-75.5933,1531.84,30,GVQ446,27
86562,21,6.17483,-75.5933,1531.84,100,GVQ446,36
86676,784,6.20049,-75.5782,1500.3,100,GVQ446,31
89532,371,6.19553,-75.5791,1514.01,100,GVQ446,29
89776,1823,6.17212,-75.5621,1787.79,96,GVQ446,25
89778,1820,6.17236,-75.5622,1784,96,GVQ446,25
89850,2334,6.16945,-75.5699,1670.26,96,GVQ446,24
90233,39,6.16969,-75.5701,1674.97,97,GVQ446,21
90362,816,6.16337,-75.5729,1662.32,95,GVQ446,24
90463,6,6.16338,-75.5729,1662.29,95,GVQ446,24
90524,383,6.16786,-75.5691,1691.04,94,GVQ446,25
90545,14,6.16789,-75.5691,1690.73,95,GVQ446,26
90612,417,6.1694,-75.5701,1671.44,94,GVQ446,25
90701,37,6.16922,-75.57,1671.03,94,GVQ446,21
90770,464,6.18187,-75.5767,1551.32,94,GVQ446,23
90772,463,6.1818,-75.5766,1553.72,94,GVQ446,23
90790,575,6.18511,-75.5787,1539.55,94,GVQ446,23
90792,573,6.18486,-75.5788,1538.13,94,GVQ446,23
90877,1060,6.20055,-75.5783,1500.21,94,GVQ446,23
93072,33,6.20074,-75.5784,1499.69,94,GVQ446,24
93166,722,6.20329,-75.5669,1586.66,91,GVQ446,21
93411,9,6.20329,-75.5669,1586.66,91,GVQ446,20
93496,576,6.20336,-75.567,1585.56,90,GVQ446,22
93944,50,6.20336,-75.567,1585.56,90,GVQ446,20
94051,770,6.20057,-75.5783,1500.19,89,GVQ446,23
97435,65,6.20174,-75.5775,1500.03,89,GVQ446,27
97689,2088,6.17485,-75.5933,1531.9,86,GVQ446,28
97868,42,6.17479,-75.5933,1531.82,100,GVQ446,24
97971,772,6.20054,-75.578,1500.15,100,GVQ446,24
100084,36,6.20058,-75.578,1500.03,100,GVQ446,29
100122,392,6.19511,-75.5796,1514.75,100,GVQ446,29
100124,389,6.19518,-75.5795,1515.2,100,GVQ446,29
100378,2859,6.18616,-75.6486,1801.39,96,GVQ446,25
100503,2,6.18618,-75.6486,1801.48,96,GVQ446,24
100517,122,6.18572,-75.6475,1780.9,96,GVQ446,24
100519,116,6.18552,-75.6479,1785.2,96,GVQ446,24
100529,243,6.18381,-75.642,1722.8,96,GVQ446,24
100531,240,6.18385,-75.6421,1724.68,96,GVQ446,24
100589,664,6.17563,-75.6363,1653.07,97,GVQ446,24
100591,663,6.17567,-75.6364,1652.95,97,GVQ446,25
100680,1323,6.16446,-75.6162,1578.78,97,GVQ446,25
100683,76,0,0,-3492,97,GVQ446,25
100867,1355,6.25386,-75.5886,1475.25,93,GVQ446,26
101099,49,6.25385,-75.5886,1475.23,93,GVQ446,24
101219,768,6.23967,-75.5764,1472.2,92,GVQ446,24
101221,765,6.23966,-75.5766,1473.33,92,GVQ446,24
101396,1846,6.25754,-75.598,1493.44,90,GVQ446,24
101398,1844,6.25735,-75.598,1494.16,89,GVQ446,24
101661,3729,6.29642,-75.6083,2064.89,78,GVQ446,17
101663,3726,6.29622,-75.6084,2064.23,78,GVQ446,17
101678,3850,6.29904,-75.6,2102.9,77,GVQ446,17
101786,76,6.32677,-75.5973,2341.22,73,GVQ446,13
102313,4329,6.1635,-75.5831,1593.68,72,GVQ446,19
102416,6,6.16348,-75.5831,1593.57,72,GVQ446,19
102513,568,6.16046,-75.602,1567.06,71,GVQ446,18
102515,556,6.16082,-75.6009,1566.95,71,GVQ446,18
102632,1265,6.1837,-75.642,1721.72,67,GVQ446,17
102634,1261,6.18364,-75.6419,1719.34,67,GVQ446,17
102667,1461,6.18615,-75.6486,1801.35,66,GVQ446,17
103519,44,6.1862,-75.6485,1800.62,66,GVQ446,18
103609,541,6.17409,-75.634,1638.06,67,GVQ446,17
103611,539,6.17407,-75.6342,1640.57,67,GVQ446,18
103796,1636,6.17645,-75.5854,1545.9,66,GVQ446,20
103798,1635,6.1764,-75.5854,1546.29,66,GVQ446,20
103865,2116,6.21628,-75.5772,1487.57,65,GVQ446,21
103867,2113,6.21586,-75.5773,1487.87,65,GVQ446,21
104019,3133,6.30056,-75.5644,1520.9,62,GVQ446,23
104021,3130,6.30032,-75.5647,1522.03,62,GVQ446,23
104090,3549,6.31735,-75.557,1440.23,62,GVQ446,24
104092,3548,6.31735,-75.557,1440.23,62,GVQ446,24
104169,3976,6.32262,-75.5574,1438.83,62,GVQ446,25
104171,3973,6.3225,-75.5574,1439.09,62,GVQ446,25
104386,5352,6.35953,-75.4983,1403.22,59,GVQ446,25
104405,50,6.35952,-75.4983,1403.19,58,GVQ446,27
104451,350,6.38016,-75.4802,1398.75,57,GVQ446,26
104453,348,6.38014,-75.4802,1398.75,57,GVQ446,26
104579,1250,6.40521,-75.4269,1341.12,55,GVQ446,26
104581,1246,6.40463,-75.4275,1341.83,55,GVQ446,26
104846,3654,6.53627,-75.2297,1127.2,49,GVQ446,27
105145,8,6.53632,-75.2298,1125.97,50,GVQ446,28
105711,5014,6.2006,-75.5781,1500.19,25,GVQ446,30
111488,600,6.1926,-75.58,1510.81,25,GVQ446,36
111528,912,6.19038,-75.5805,1512.25,25,GVQ446,34
112031,15,6.17481,-75.5933,1531.83,100,GVQ446,26
112131,557,6.20057,-75.578,1500.06,100,GVQ446,25
114558,4,6.20058,-75.578,1500.03,100,GVQ446,34
114566,98,6.20158,-75.5775,1500.01,100,GVQ446,33
114568,96,6.20171,-75.5775,1500.05,100,GVQ446,33
114650,695,6.20713,-75.5616,1612.83,100,GVQ446,29
116886,10,6.207,-75.5617,1613.08,100,GVQ446,21
117045,1045,6.15186,-75.545,2473.63,83,GVQ446,19
117048,5,6.15204,-75.5435,2515.29,83,GVQ446,21
117056,54,6.15147,-75.5439,2516.41,83,GVQ446,20
117195,8,6.15146,-75.5439,2516.51,83,GVQ446,24
117473,2057,6.22791,-75.5829,1482.96,86,GVQ446,31
117493,34,6.22791,-75.5829,1482.96,86,GVQ446,29
117643,1117,6.20056,-75.578,1500.09,83,GVQ446,30
122214,9,6.20069,-75.5781,1500.17,81,GVQ446,33
122438,1995,6.31608,-75.5566,1436.96,72,GVQ446,28
122525,26,6.31608,-75.5566,1436.96,72,GVQ446,24
122675,1050,6.34437,-75.5087,1432.91,69,GVQ446,28
122712,46,6.34438,-75.5088,1432.04,69,GVQ446,31
122836,923,6.34688,-75.5326,1436.64,67,GVQ446,29
122875,30,6.34684,-75.5326,1436.69,67,GVQ446,28
123125,1653,6.33575,-75.5278,1441.36,65,GVQ446,24
123178,2,6.33576,-75.5279,1440.51,65,GVQ446,22
123434,2762,6.28089,-75.3332,2139.25,63,GVQ446,19
123446,13,6.28089,-75.3332,2139.25,62,GVQ446,21
124097,5049,6.15416,-75.5979,1680.38,51,GVQ446,27
124107,32,6.15414,-75.5979,1680.98,51,GVQ446,30
124386,2053,6.2006,-75.5782,1500.16,50,GVQ446,30
133021,6,6.20059,-75.5778,1500.23,48,GVQ446,30
133033,53,6.20238,-75.5778,1498.48,48,GVQ446,30
133043,6,6.20237,-75.5778,1498.47,48,GVQ446,31
133313,1613,6.18654,-75.5822,1519.75,46,GVQ446,31
133315,1611,6.1866,-75.5821,1519.75,46,GVQ446,31
133324,1670,6.18494,-75.5836,1521.35,45,GVQ446,31
133326,1666,6.18515,-75.5834,1521.06,45,GVQ446,31
133427,2292,6.17481,-75.5933,1531.83,44,GVQ446,30
133891,11,6.1748,-75.5933,1531.82,100,GVQ446,32
134108,662,6.16937,-75.5964,1541.69,100,GVQ446,30
134110,660,6.1694,-75.5964,1541.62,100,GVQ446,30
134144,847,6.17183,-75.5993,1538.39,100,GVQ446,30
134244,4,6.17182,-75.5993,1538.39,100,GVQ446,20
137808,6404,6.36593,-75.73,1469.68,86,GVQ446,25
148241,1,6.2006,-75.5783,1500.1,99,GVQ446,27
148524,2150,6.18305,-75.5853,1520.57,98,GVQ446,27
148683,29,6.18309,-75.5853,1520.48,99,GVQ446,27
148779,644,6.20058,-75.5782,1500.19,98,GVQ446,26
151770,5,6.20055,-75.5782,1500.22,98,GVQ446,31
151898,919,6.19239,-75.58,1509.81,96,GVQ446,34
151900,918,6.19243,-75.58,1509.89,96,GVQ446,35
152087,2210,6.16664,-75.5936,1546.22,94,GVQ446,30
153239,906,6.16506,-75.6006,1548.93,93,GVQ446,27
153501,2420,6.14615,-75.6116,1698.6,89,GVQ446,24
153748,2,6.14615,-75.6116,1698.6,89,GVQ446,22
153830,463,6.15476,-75.6087,1583.18,89,GVQ446,22
153832,461,6.15474,-75.6088,1582.58,89,GVQ446,22
154002,1534,6.16624,-75.5935,1548.32,88,GVQ446,23
154006,43,6.16624,-75.5935,1548.32,88,GVQ446,23
154184,1060,6.20492,-75.5695,1548.98,86,GVQ446,22
154212,35,6.20496,-75.5696,1547.67,86,GVQ446,22
154288,491,6.20456,-75.5749,1497.41,86,GVQ446,22
154312,9,6.20458,-75.5749,1497.41,86,GVQ446,22
154481,1022,6.15285,-75.5398,2507.31,69,GVQ446,13
154483,1019,6.15295,-75.5401,2509.1,69,GVQ446,13
154840,3370,6.03027,-75.4326,2148.6,67,GVQ446,14
154971,12,6.03012,-75.4325,2148.14,67,GVQ446,15
155038,480,6.03269,-75.4385,2183.1,65,GVQ446,14
155054,17,6.03264,-75.4385,2182.72,65,GVQ446,14
155195,1077,6.09174,-75.4801,2122.02,62,GVQ446,10
155203,16,6.0916,-75.4799,2121.8,62,GVQ446,11
155584,2558,6.21578,-75.5636,1630.38,60,GVQ446,16
155586,2553,6.21612,-75.5639,1628.22,60,GVQ446,16
155928,5162,6.16666,-75.5936,1546.44,55,GVQ446,18
156818,65,6.16659,-75.5937,1545.55,55,GVQ446,21
157135,2584,6.26722,-75.591,1496.39,51,GVQ446,28
157239,114,6.26522,-75.588,1487.79,51,GVQ446,30
157399,1285,6.24145,-75.5868,1477.9,50,GVQ446,28
157421,51,6.24145,-75.5868,1477.9,50,GVQ446,27
157529,767,6.2236,-75.5927,1493.87,49,GVQ446,29
157533,16,6.22346,-75.5927,1493.18,49,GVQ446,30
157541,55,6.22324,-75.5928,1492.81,49,GVQ446,30
157627,18,6.2233,-75.5928,1492.97,49,GVQ446,36
157911,2055,6.16667,-75.5936,1546.55,44,GVQ446,33
157940,10,6.16663,-75.5936,1546.16,44,GVQ446,31
158269,2488,6.19943,-75.5795,1501.49,40,GVQ446,29
158275,12,6.19954,-75.5794,1500.74,39,GVQ446,31
158313,304,6.20063,-75.5783,1499.97,39,GVQ446,31
163798,26,6.20084,-75.5779,1500.01,39,GVQ446,28
163909,901,6.17479,-75.5932,1532.39,37,GVQ446,31
163914,21,6.17477,-75.5932,1532.48,37,GVQ446,31
163946,273,6.17906,-75.5877,1526.85,37,GVQ446,31
163948,1,6.17904,-75.5877,1526.9,37,GVQ446,30
164061,1272,6.16008,-75.6038,1570.54,35,GVQ446,29
168278,40,6.20062,-75.5783,1500.02,100,GVQ446,22
168616,2054,6.17799,-75.5673,1703.46,98,GVQ446,21
168618,2049,6.17811,-75.5674,1704.61,98,GVQ446,21
168667,2381,6.16777,-75.571,1675.09,98,GVQ446,21
169411,11,6.16772,-75.571,1676.32,98,GVQ446,17
169483,464,6.18303,-75.574,1596.58,97,GVQ446,17
171266,10,6.183,-75.5741,1594.31,98,GVQ446,29
171398,837,6.19642,-75.5752,1538.87,97,GVQ446,29
171400,835,6.19623,-75.5751,1540.28,97,GVQ446,29
171409,894,6.19943,-75.5763,1514.26,97,GVQ446,29
171411,893,6.19939,-75.5763,1514.1,97,GVQ446,29
171440,1074,6.20494,-75.58,1497.24,97,GVQ446,29
171442,1073,6.20497,-75.5801,1497.53,97,GVQ446,29
171449,1137,6.20264,-75.5766,1505.82,96,GVQ446,29
171451,1134,6.20283,-75.577,1498.99,96,GVQ446,29
171552,1826,6.20064,-75.5783,1499.93,95,GVQ446,30
174333,10,6.20054,-75.5783,1500.23,95,GVQ446,18
174547,1694,6.27705,-75.5807,1528.92,90,GVQ446,17
174548,33,6.27712,-75.5809,1530.56,90,GVQ446,17
175472,2379,6.31824,-75.5524,1446.14,87,GVQ446,24
178213,20,6.31781,-75.5524,1446.38,85,GVQ446,18
178374,1090,6.31488,-75.5581,1447.86,84,GVQ446,17
178390,28,6.31491,-75.5581,1447.9,84,GVQ446,17
178469,565,6.31271,-75.5577,1448.12,83,GVQ446,18
178799,30,6.31834,-75.5515,1454.06,82,GVQ446,18
178846,403,6.31278,-75.5536,1439.14,82,GVQ446,18
178848,400,6.31296,-75.5535,1438.05,82,GVQ446,18
178916,821,6.30278,-75.5629,1507.03,80,GVQ446,18
178918,820,6.30284,-75.5628,1506.08,80,GVQ446,18
179094,1842,6.27405,-75.5706,1453.9,80,GVQ446,18
179096,1838,6.27416,-75.5706,1453.99,80,GVQ446,18
179351,3841,6.20057,-75.5782,1500.2,76,GVQ446,20
179605,46,6.20057,-75.5783,1500.19,77,GVQ446,26
179940,2006,6.16214,-75.6358,1687.96,71,GVQ446,27
179942,2002,6.16212,-75.6356,1686.33,71,GVQ446,26
180064,2743,6.17397,-75.6498,1839.48,68,GVQ446,28
180129,20,6.17396,-75.6498,1839.66,69,GVQ446,33
180216,598,6.16136,-75.6365,1690.71,69,GVQ446,26
180218,595,6.16139,-75.6366,1691.65,69,GVQ446,26
180326,1257,6.18376,-75.5885,1519.56,69,GVQ446,26
180328,1255,6.18349,-75.5887,1519.72,69,GVQ446,26
180355,1381,6.20085,-75.5795,1500.17,68,GVQ446,26
180357,1379,6.20062,-75.5795,1499.77,68,GVQ446,26
180478,2098,6.23999,-75.5847,1475.27,68,GVQ446,27
180927,14,6.24016,-75.5868,1478.27,68,GVQ446,26
181093,1022,6.22428,-75.5769,1481.77,66,GVQ446,29
181095,1019,6.22446,-75.5769,1481.69,66,GVQ446,29
181310,2149,6.19576,-75.5791,1514.9,64,GVQ446,28
181573,9,6.2006,-75.5783,1500.1,64,GVQ446,23
181652,482,6.19949,-75.5776,1503,64,GVQ446,24
181654,479,6.19958,-75.5776,1502.98,64,GVQ446,24
181717,842,6.20958,-75.5766,1492.86,63,GVQ446,23
181719,838,6.20916,-75.5766,1492.61,63,GVQ446,23
181757,1080,6.22138,-75.5716,1486.77,63,GVQ446,23
181759,1077,6.22104,-75.5716,1486.32,63,GVQ446,23
182483,3140,6.15681,-75.436,2140.98,47,GVQ446,16
182485,3138,6.15704,-75.436,2141.15,47,GVQ446,16
182582,3647,6.14117,-75.4462,2118.83,46,GVQ446,15
183548,16,6.1412,-75.4462,2119.26,47,GVQ446,14
184268,3958,6.165,-75.5667,1737.75,37,GVQ446,15
185270,14,6.16503,-75.5667,1738.29,36,GVQ446,19
185466,1106,6.17504,-75.5931,1533.01,36,GVQ446,20
185468,1104,6.17504,-75.5931,1533.01,36,GVQ446,20
185523,1477,6.17479,-75.5933,1531.82,36,GVQ446,21
185748,27,6.17479,-75.5933,1531.82,99,GVQ446,20
185823,525,6.20056,-75.5781,1500.2,99,GVQ446,18
185828,21,6.20057,-75.5781,1500.18,99,GVQ446,18
187052,681,6.18871,-75.5838,1512.09,99,GVQ446,24
187054,678,6.18893,-75.5837,1511.84,99,GVQ446,24
187448,2817,6.08895,-75.6361,1757.87,92,GVQ446,23
188005,33,6.08911,-75.6359,1757.28,92,GVQ446,20
188031,169,6.08977,-75.6353,1754.45,92,GVQ446,19
188033,166,6.08978,-75.6353,1754.4,92,GVQ446,19
188068,380,6.0902,-75.6347,1751.47,92,GVQ446,19
189856,15,6.09023,-75.6346,1751.02,92,GVQ446,18
189939,535,6.08708,-75.635,1759.98,91,GVQ446,19
190077,52,6.08711,-75.635,1760.29,91,GVQ446,25
190129,353,6.07735,-75.6321,1773.7,90,GVQ446,24
190147,4,6.07736,-75.6321,1773.69,90,GVQ446,28
190266,817,6.08898,-75.6362,1758.09,88,GVQ446,27
190503,26,6.08907,-75.6361,1757.65,89,GVQ446,32
190615,877,6.1399,-75.6321,1686.27,85,GVQ446,27
190617,873,6.13929,-75.6322,1689.68,85,GVQ446,27
190685,1358,6.17735,-75.5923,1528.3,84,GVQ446,29
190837,25,6.17735,-75.5923,1528.3,84,GVQ446,26
190901,376,6.20021,-75.5776,1502.2,83,GVQ446,26
190912,12,6.20022,-75.5776,1502.22,83,GVQ446,27
190982,420,6.2006,-75.5782,1500.16,82,GVQ446,26
190991,1,6.2006,-75.5782,1500.16,82,GVQ446,26
191276,1520,6.23152,-75.5935,1496.81,80,GVQ446,26
191278,1516,6.23154,-75.5929,1496.38,80,GVQ446,26
198457,5374,6.08761,-75.636,1766.22,70,GVQ446,18
198503,39,6.08761,-75.636,1766.22,70,GVQ446,18
198622,795,6.12231,-75.6294,1708.47,67,GVQ446,18
198624,793,6.12188,-75.6293,1708.99,67,GVQ446,17
198674,1094,6.14611,-75.6244,1612.43,67,GVQ446,17
198676,1092,6.14614,-75.6245,1612.83,67,GVQ446,17
198769,1635,6.15585,-75.6257,1603.31,66,GVQ446,19
198771,1631,6.15572,-75.6256,1604.07,66,GVQ446,19
199814,6509,6.25775,-75.5846,1475.43,56,GVQ446,22
200055,38,6.25775,-75.5846,1475.43,56,GVQ446,23
200698,4913,6.14106,-75.6195,1633.1,39,GVQ446,18
201610,33,6.14118,-75.6194,1633.36,39,GVQ446,17
201662,432,6.15393,-75.6181,1583.89,39,GVQ446,18
201664,61,6.15408,-75.6176,1583.23,39,GVQ446,19
201829,1255,6.20055,-75.5783,1500.21,36,GVQ446,19
201837,7,6.20055,-75.5783,1500.21,36,GVQ446,20
203753,2687,6.17484,-75.5933,1531.87,33,GVQ446,18
204328,47,6.17491,-75.5933,1532.02,99,GVQ446,19
204411,1125,6.17182,-75.5993,1538.39,99,GVQ446,17
204481,3,6.17183,-75.5993,1538.39,99,GVQ446,18
204563,546,6.20055,-75.5782,1500.22,99,GVQ446,17
206808,16,6.20044,-75.5784,1500.44,99,GVQ446,19
207385,4827,6.25892,-75.6161,1537.21,94,GVQ446,18
207654,34,6.25878,-75.6162,1537.36,94,GVQ446,17
207769,966,6.23602,-75.6023,1525.1,93,GVQ446,17
210127,248,6.21517,-75.5972,1502.24,92,GVQ446,19
210362,1915,6.20063,-75.578,1500.15,90,GVQ446,21
210557,17,6.20064,-75.5778,1500.15,90,GVQ446,27
210567,73,6.20058,-75.5782,1500.19,90,GVQ446,26
210986,51,6.20059,-75.5782,1500.17,90,GVQ446,27
211086,745,6.20027,-75.5769,1513.15,88,GVQ446,28
211103,12,6.20039,-75.5769,1513.05,88,GVQ446,27
211397,2381,6.18343,-75.5817,1529.44,85,GVQ446,25
211833,52,6.18299,-75.5813,1531.41,85,GVQ446,21
211897,299,6.18379,-75.5794,1533.05,85,GVQ446,21
212181,58,6.18397,-75.5784,1538.95,85,GVQ446,20
212541,2428,6.19092,-75.5473,2071.83,72,GVQ446,17
212544,13,6.19092,-75.5473,2071.83,72,GVQ446,17
212554,69,6.18983,-75.5473,2081.2,71,GVQ446,17
212583,36,6.18977,-75.5473,2081.65,72,GVQ446,17
212629,418,6.15323,-75.5412,2512.39,64,GVQ446,14
212669,20,6.15308,-75.5411,2511.85,63,GVQ446,13
212678,76,6.15338,-75.5388,2500.38,63,GVQ446,13
212680,74,6.15317,-75.5392,2502.62,63,GVQ446,13
212872,1630,6.22373,-75.5721,1484.56,68,GVQ446,19
212997,30,6.22369,-75.5722,1485.36,69,GVQ446,20
213253,1813,6.24577,-75.5812,1469.94,65,GVQ446,20
213255,1806,6.24589,-75.5813,1469.59,65,GVQ446,20
213628,4022,6.18327,-75.5816,1530.12,57,GVQ446,19
214913,69,6.18357,-75.5815,1528.72,57,GVQ446,19
215044,854,6.20125,-75.5793,1499.07,55,GVQ446,19
215046,848,6.20084,-75.5793,1499.5,56,GVQ446,19
215079,1166,6.20054,-75.5783,1500.23,55,GVQ446,20
215431,16,6.20074,-75.5782,1499.49,56,GVQ446,24
215573,1103,6.17649,-75.596,1533.2,53,GVQ446,25
215574,1101,6.17643,-75.5959,1533.14,53,GVQ446,25
215632,1491,6.17576,-75.6053,1549.81,52,GVQ446,25
215702,22,6.17571,-75.6053,1550.22,53,GVQ446,25
215764,875,6.17686,-75.5932,1529.84,51,GVQ446,25
215766,872,6.17652,-75.5935,1531.25,51,GVQ446,25
215990,2433,6.24346,-75.5836,1473.21,46,GVQ446,25
215992,2430,6.24361,-75.5837,1473.26,46,GVQ446,26
216306,4555,6.24153,-75.5868,1477.91,42,GVQ446,28
216350,43,6.24153,-75.5868,1477.91,42,GVQ446,27
216555,1466,6.22702,-75.5779,1480.04,39,GVQ446,28
216557,1463,6.22734,-75.5777,1479.59,39,GVQ446,28
216577,1648,6.21856,-75.585,1490,38,GVQ446,27
216579,1646,6.21852,-75.5848,1490.01,38,GVQ446,27
216606,1789,6.21583,-75.5873,1493.72,38,GVQ446,28
216628,55,6.21583,-75.5873,1493.72,37,GVQ446,26
216640,120,6.21731,-75.5866,1492.68,36,GVQ446,27
216641,115,6.21738,-75.5868,1492.8,36,GVQ446,27
216669,267,6.21992,-75.5837,1488.77,36,GVQ446,28
216688,34,6.21994,-75.5836,1488.7,36,GVQ446,29
216793,699,6.20165,-75.5801,1499.25,35,GVQ446,31
216796,698,6.20171,-75.5801,1499.24,35,GVQ446,31
216858,1118,6.17497,-75.5969,1533.56,33,GVQ446,30
216860,1115,6.17504,-75.5968,1533.23,33,GVQ446,30
216938,1728,6.16702,-75.6072,1552.97,32,GVQ446,33
216984,31,6.16704,-75.6071,1552.77,33,GVQ446,32
217086,1013,6.14128,-75.6196,1633.86,29,GVQ446,28
217121,101,6.1415,-75.6196,1633.32,28,GVQ446,25
217145,407,6.14675,-75.6198,1606.33,28,GVQ446,26
217147,405,6.14673,-75.6197,1606.31,28,GVQ446,26
217205,767,6.15617,-75.6196,1583.06,27,GVQ446,28
217207,764,6.1561,-75.6199,1583.51,27,GVQ446,28
217283,1312,6.17736,-75.5924,1528.3,26,GVQ446,28
217307,10,6.17736,-75.5924,1528.3,26,GVQ446,27
217400,637,6.17457,-75.5935,1532.81,25,GVQ446,29
217465,2,6.17478,-75.5932,1532.44,45,GVQ446,28
217478,180,6.17484,-75.5932,1532.32,47,GVQ446,29
217501,34,6.17483,-75.5932,1532.33,54,GVQ446,28
218198,2954,6.14097,-75.6193,1633.86,42,GVQ446,25
218247,39,6.14098,-75.6193,1633.92,42,GVQ446,23
218273,169,6.14628,-75.6194,1611.36,42,GVQ446,24
218274,165,6.14616,-75.6193,1613.17,42,GVQ446,24
218387,1299,6.15256,-75.6249,1598.06,40,GVQ446,25
218389,1296,6.15211,-75.6245,1596.58,40,GVQ446,25
218432,1659,6.15518,-75.6352,1666.7,39,GVQ446,24
218531,45,6.15521,-75.6353,1666.65,39,GVQ446,23
218719,1214,6.14094,-75.6194,1633.31,37,GVQ446,22
218801,32,6.14095,-75.6194,1633.32,37,GVQ446,18
219394,4300,6.2006,-75.5782,0,28,GVQ446,21
220799,7,6.20065,-75.5782,0,27,GVQ446,25
221252,2865,6.25886,-75.6162,0,23,GVQ446,26
221257,35,6.25887,-75.6162,0,23,GVQ446,27
221794,3073,6.2142,-75.5621,0,17,GVQ446,26
221798,9,6.2142,-75.5621,0,17,GVQ446,25
222057,242,6.21481,-75.5626,0,18,GVQ446,19
222059,240,6.2147,-75.5627,0,18,GVQ446,19
222222,1491,6.24826,-75.5984,0,16,GVQ446,20
222278,4,6.24828,-75.5984,0,44,GVQ446,19
222281,125,6.24822,-75.5984,0,46,GVQ446,19
222300,28,6.24828,-75.5984,0,50,GVQ446,19
222387,545,6.25888,-75.6163,0,49,GVQ446,18
222633,14,6.25893,-75.6163,0,50,GVQ446,30
222651,126,6.25664,-75.6139,0,50,GVQ446,28
222653,124,6.2567,-75.6138,0,50,GVQ446,28
223300,3614,6.2006,-75.5783,0,45,GVQ446,27
223302,6,6.2006,-75.5782,0,45,GVQ446,27
223619,2078,6.31674,-75.5621,0,40,GVQ446,29
223621,2076,6.31671,-75.5621,0,40,GVQ446,29
223650,2320,6.32222,-75.5645,0,40,GVQ446,30
223652,2317,6.32205,-75.5645,0,40,GVQ446,30
223662,2394,6.32278,-75.5646,0,40,GVQ446,30
223689,31,6.3231,-75.5645,0,39,GVQ446,32
223825,1139,6.34109,-75.5497,0,39,GVQ446,32
224030,102,6.3402,-75.5483,0,39,GVQ446,33
224309,2032,6.21393,-75.5728,0,33,GVQ446,28
224379,68,6.2139,-75.5728,0,33,GVQ446,24
224535,989,6.19982,-75.5762,0,31,GVQ446,24
224537,982,6.19978,-75.5762,0,31,GVQ446,24
224725,2070,6.20317,-75.5773,0,29,GVQ446,25
224727,2067,6.2032,-75.5773,0,29,GVQ446,25
224804,2549,6.17475,-75.5915,0,28,GVQ446,24
224806,2548,6.17465,-75.5915,0,28,GVQ446,24
225085,4379,6.20057,-75.5783,0,26,GVQ446,23
227019,12,6.20059,-75.5782,0,24,GVQ446,20
227177,1174,6.17488,-75.5932,0,23,GVQ446,19
227590,24,6.17477,-75.5934,0,99,GVQ446,18
227688,713,6.20058,-75.5782,0,99,GVQ446,18
227690,7,6.20056,-75.5783,0,99,GVQ446,18
227790,423,6.20257,-75.5773,0,99,GVQ446,18
233157,79,0,0,0,71,GVQ446,19
233566,669,6.21267,-75.5571,0,66,GVQ446,17
233782,20,6.21255,-75.557,0,66,GVQ446,16
233995,1240,6.18281,-75.5925,0,64,GVQ446,18
233998,52,6.18291,-75.5925,0,64,GVQ446,19
234192,1256,6.20057,-75.5782,0,62,GVQ446,20
234577,313,6.19938,-75.5777,0,61,GVQ446,28
234734,1398,6.18329,-75.5814,0,58,GVQ446,28
234738,4,6.18313,-75.5814,0,57,GVQ446,26
234862,996,6.1999,-75.5761,0,56,GVQ446,27
235248,39,6.1999,-75.5761,0,56,GVQ446,25
235342,571,6.1818,-75.5809,0,55,GVQ446,23
235344,5,6.1818,-75.5809,0,55,GVQ446,23
235357,87,6.18312,-75.5815,0,55,GVQ446,23
235359,8,6.18314,-75.5814,0,55,GVQ446,22
235586,1648,6.20692,-75.5663,0,51,GVQ446,21
235592,53,6.20694,-75.5663,0,52,GVQ446,21
236176,543,6.1832,-75.5815,0,44,GVQ446,20
236186,4,6.18342,-75.5816,0,44,GVQ446,20
236269,539,6.20059,-75.5782,0,43,GVQ446,23
236635,69,6.2006,-75.5782,0,43,GVQ446,29
236912,1850,6.17478,-75.5933,0,40,GVQ446,30
236952,8,6.17488,-75.5933,0,40,GVQ446,34
237157,1332,6.16669,-75.5936,0,38,GVQ446,31
237163,22,6.16668,-75.5936,0,38,GVQ446,36
237263,633,6.16067,-75.6037,0,37,GVQ446,33
237664,28,6.16095,-75.6036,0,89,GVQ446,27
237883,1256,6.15196,-75.6397,0,85,GVQ446,27
238351,14,6.16661,-75.5937,0,83,GVQ446,23
238560,1652,6.14616,-75.6116,0,80,GVQ446,23
238563,16,6.14616,-75.6116,0,80,GVQ446,23
238769,1464,6.20468,-75.575,0,78,GVQ446,23
238771,53,6.20466,-75.575,0,78,GVQ446,22
239241,3445,6.03018,-75.4327,0,58,GVQ446,13
239343,11,6.03018,-75.4328,0,58,GVQ446,13
239787,5669,6.14611,-75.6117,0,48,GVQ446,18
239791,18,6.14611,-75.6117,0,48,GVQ446,18
239867,739,6.16662,-75.5936,0,47,GVQ446,18
240118,37,6.16663,-75.5936,0,47,GVQ446,25
240243,956,6.20057,-75.5782,0,46,GVQ446,26
240246,54,6.20057,-75.5782,0,46,GVQ446,28
240552,2252,6.15465,-75.5973,0,41,GVQ446,29
240554,77,6.1548,-75.5976,0,41,GVQ446,29
240823,1788,6.19208,-75.5957,0,40,GVQ446,29
240826,55,6.19199,-75.5957,0,40,GVQ446,26
241055,1398,6.19701,-75.5601,0,35,GVQ446,26
256732,4,6.18333,-75.5812,0,77,GVQ446,22
256990,1681,6.20056,-75.5782,0,74,GVQ446,29
258506,6,6.20056,-75.5782,0,69,GVQ446,23
258548,263,6.19685,-75.5791,0,68,GVQ446,24
258624,5,6.19684,-75.5791,0,68,GVQ446,24
259666,1499,6.18344,-75.5816,0,60,GVQ446,17
259883,6,6.18352,-75.5815,0,59,GVQ446,18
259994,700,6.18335,-75.5816,0,57,GVQ446,17
260860,12,6.20065,-75.5781,0,56,GVQ446,23
261182,1387,6.18336,-75.5816,0,54,GVQ446,23
261186,4,6.18344,-75.5817,0,55,GVQ446,22
261237,335,6.17482,-75.585,0,54,GVQ446,23
261239,7,6.17475,-75.585,0,54,GVQ446,21
261348,759,6.1869,-75.5827,0,53,GVQ446,22
261350,32,6.18691,-75.583,0,53,GVQ446,22
261530,1281,6.20876,-75.5555,0,48,GVQ446,24
261769,13,6.2087,-75.5554,0,49,GVQ446,20
261803,270,6.2008,-75.5631,0,49,GVQ446,20
262564,79,6.20031,-75.5769,0,46,GVQ446,26
262732,841,6.20183,-75.5792,0,42,GVQ446,25
262745,52,6.20068,-75.5784,0,42,GVQ446,28
263074,2168,6.15312,-75.5412,0,24,GVQ446,19
263141,39,6.15309,-75.5412,0,76,GVQ446,16
263511,2650,6.20058,-75.5783,0,82,GVQ446,23
263521,104,6.20055,-75.5782,0,80,GVQ446,25
263725,1740,6.24325,-75.5719,0,78,GVQ446,27
264319,229,6.23876,-75.5862,0,75,GVQ446,30
264334,295,6.23922,-75.5866,0,75,GVQ446,30
264336,291,6.23897,-75.5868,0,75,GVQ446,30
264348,347,6.24011,-75.5853,0,75,GVQ446,30
264350,345,6.24012,-75.5852,0,75,GVQ446,30
264386,520,6.24031,-75.5868,0,74,GVQ446,29
264547,12,6.24031,-75.5868,0,74,GVQ446,27
264609,305,6.2389,-75.5844,0,74,GVQ446,28
264673,31,6.23887,-75.5844,0,74,GVQ446,28
264699,135,6.23894,-75.5834,0,74,GVQ446,28
264701,132,6.23895,-75.5835,0,74,GVQ446,28
264735,339,6.23124,-75.576,0,73,GVQ446,28
264737,333,6.23159,-75.576,0,73,GVQ446,28
264764,463,6.23169,-75.577,0,73,GVQ446,29
264765,456,6.23139,-75.5774,0,73,GVQ446,29
264890,1000,6.21274,-75.5751,0,71,GVQ446,28
264891,986,6.21308,-75.5756,0,71,GVQ446,28
265239,2731,6.19766,-75.5787,0,69,GVQ446,29
266790,9,6.19751,-75.5788,0,69,GVQ446,22
266825,166,6.20147,-75.5792,0,68,GVQ446,21
266827,165,6.20135,-75.5792,0,68,GVQ446,21
266882,388,6.20061,-75.5783,0,68,GVQ446,21
271445,175,6.2006,-75.5783,0,67,GVQ446,24
271505,468,6.20172,-75.5779,0,66,GVQ446,25
271507,464,6.20152,-75.5779,0,66,GVQ446,25
271655,1192,6.19277,-75.5719,0,63,GVQ446,25
271656,1187,6.19251,-75.5719,0,63,GVQ446,25
271663,1224,6.19341,-75.5718,0,63,GVQ446,26
271665,1219,6.19315,-75.5718,0,63,GVQ446,26
271693,1337,6.18855,-75.5648,0,61,GVQ446,24
271695,1335,6.18871,-75.5649,0,61,GVQ446,24
271755,1603,6.18462,-75.5474,0,55,GVQ446,20
271765,1632,6.18464,-75.546,0,55,GVQ446,20
271802,1827,6.17827,-75.5444,0,53,GVQ446,19
271821,1885,6.17123,-75.5467,0,52,GVQ446,20
271873,2155,6.15313,-75.5412,0,48,GVQ446,18
272257,65,6.15314,-75.5412,0,90,GVQ446,21
272702,2253,6.20187,-75.5784,0,93,GVQ446,27
272703,2246,6.20186,-75.5788,0,93,GVQ446,27
272718,2323,6.20057,-75.5783,0,93,GVQ446,27
273773,12,6.20058,-75.5783,0,92,GVQ446,29
273806,149,6.20052,-75.5776,0,91,GVQ446,29
273808,147,6.20069,-75.5776,0,91,GVQ446,29
273879,512,6.19806,-75.58,0,90,GVQ446,30
273892,546,6.20214,-75.5792,0,90,GVQ446,30
273911,630,6.21209,-75.5778,0,90,GVQ446,30
273930,698,6.22125,-75.5765,0,90,GVQ446,30
273940,758,6.22902,-75.5754,0,90,GVQ446,30
273942,755,6.22867,-75.5755,0,90,GVQ446,30
273962,890,6.23631,-75.5756,0,89,GVQ446,30
273965,884,6.23614,-75.5755,0,89,GVQ446,30
273979,953,6.2391,-75.5752,0,89,GVQ446,30
273980,949,6.23901,-75.5753,0,89,GVQ446,30
273989,993,6.24088,-75.5752,0,89,GVQ446,31
274000,1015,6.24252,-75.5752,0,89,GVQ446,31
274074,1342,6.24496,-75.5717,0,89,GVQ446,32
274075,1339,6.24499,-75.5718,0,89,GVQ446,31
274131,1607,6.24246,-75.5751,0,88,GVQ446,30
274133,1606,6.24247,-75.575,0,88,GVQ446,30
274164,1760,6.24507,-75.5722,0,88,GVQ446,30
274165,1758,6.2451,-75.5723,0,88,GVQ446,30
274179,1800,6.24466,-75.5709,0,88,GVQ446,31
274180,1795,6.24472,-75.571,0,88,GVQ446,31
274214,1951,6.24582,-75.5743,0,87,GVQ446,30
274215,1948,6.24584,-75.5744,0,87,GVQ446,30
274235,2084,6.24575,-75.5739,0,87,GVQ446,29
274252,2129,6.24492,-75.5715,0,87,GVQ446,30
274281,2244,6.24194,-75.5718,0,87,GVQ446,30
274282,2242,6.24211,-75.5718,0,87,GVQ446,30
274320,2469,6.2362,-75.5741,0,86,GVQ446,30
274325,2474,6.23592,-75.5742,0,86,GVQ446,30
274355,2641,6.23849,-75.5739,0,86,GVQ446,31
274359,2639,6.23835,-75.5739,0,86,GVQ446,31
274385,2800,6.23806,-75.5721,0,86,GVQ446,32
274390,2807,6.23795,-75.5718,0,86,GVQ446,32
274409,2954,6.23381,-75.5675,0,85,GVQ446,31
274420,2987,6.2309,-75.5659,0,85,GVQ446,30
274426,3026,6.22766,-75.5659,0,84,GVQ446,30
274432,3034,6.22712,-75.5653,0,84,GVQ446,30
274486,3303,6.21823,-75.5659,0,83,GVQ446,31
274491,3310,6.21809,-75.5656,0,83,GVQ446,31
274592,3736,6.20256,-75.5443,0,77,GVQ446,26
274594,3734,6.20283,-75.5442,0,77,GVQ446,26
274756,4513,6.15874,-75.5186,0,66,GVQ446,18
274757,4510,6.15874,-75.5186,0,66,GVQ446,18
274880,5038,6.17365,-75.475,0,64,GVQ446,18
274881,5032,6.17418,-75.475,0,64,GVQ446,18
274912,5172,6.16669,-75.4627,0,65,GVQ446,18
274914,5170,6.16683,-75.463,0,65,GVQ446,18
275166,6365,6.15254,-75.4097,0,65,GVQ446,22
275167,6358,6.15249,-75.41,0,65,GVQ446,22
275397,7310,6.15991,-75.3726,0,62,GVQ446,21
275502,17,6.1599,-75.3726,0,61,GVQ446,20
275521,91,6.15912,-75.3735,0,60,GVQ446,20
275523,88,6.15925,-75.3735,0,60,GVQ446,20
275537,150,6.15748,-75.3733,0,60,GVQ446,20
275539,148,6.15756,-75.3732,0,60,GVQ446,20
275563,242,6.1549,-75.3746,0,60,GVQ446,20
275569,256,6.15462,-75.3748,0,60,GVQ446,20
275580,305,6.15372,-75.3753,0,60,GVQ446,20
275641,499,6.15394,-75.3867,0,59,GVQ446,19
275656,557,6.15137,-75.3874,0,59,GVQ446,19
275686,686,6.15111,-75.3952,0,59,GVQ446,20
275697,730,6.15213,-75.3997,0,59,GVQ446,19
275699,728,6.1521,-75.3996,0,59,GVQ446,19
275709,779,6.15274,-75.4037,0,58,GVQ446,19
275710,775,6.15269,-75.4032,0,58,GVQ446,19
275745,906,6.15308,-75.4075,0,58,GVQ446,19
275752,920,6.15311,-75.4082,0,58,GVQ446,19
275760,958,6.15271,-75.4112,0,58,GVQ446,19
275771,994,6.15292,-75.4122,0,58,GVQ446,19
275779,1028,6.15159,-75.4148,0,58,GVQ446,19
275780,1025,6.15171,-75.4146,0,58,GVQ446,19
275792,1094,6.14751,-75.4224,0,57,GVQ446,19
275793,1091,6.14766,-75.422,0,58,GVQ446,19
275821,1235,6.14982,-75.4347,0,57,GVQ446,18
275838,1284,6.1555,-75.4361,0,56,GVQ446,19
276140,2592,6.15398,-75.538,0,47,GVQ446,15
276141,2585,6.15427,-75.5372,0,47,GVQ446,15
276869,5600,6.20706,-75.5783,0,52,GVQ446,22
276870,5599,6.20693,-75.5783,0,52,GVQ446,22
276876,5630,6.20887,-75.5769,0,52,GVQ446,21
276877,5628,6.20888,-75.577,0,52,GVQ446,21
277048,6369,6.2006,-75.5783,0,51,GVQ446,22
282401,60,6.20058,-75.5784,0,51,GVQ446,20
282449,236,6.19565,-75.5792,0,50,GVQ446,21
282450,233,6.19593,-75.579,0,50,GVQ446,21
282464,283,6.19738,-75.5803,0,50,GVQ446,21
282465,281,6.19711,-75.5803,0,50,GVQ446,21
282495,389,6.2108,-75.5781,0,50,GVQ446,21
282497,386,6.21038,-75.5781,0,50,GVQ446,21
282505,424,6.2159,-75.5774,0,50,GVQ446,21
282515,444,6.21869,-75.577,0,50,GVQ446,21
282526,506,6.22764,-75.5757,0,50,GVQ446,20
282528,504,6.22735,-75.5758,0,50,GVQ446,20
282538,562,6.23519,-75.5755,0,49,GVQ446,21
282540,558,6.23469,-75.5754,0,49,GVQ446,21
282548,595,6.23965,-75.5771,0,49,GVQ446,21
282549,591,6.23909,-75.5769,0,49,GVQ446,21
282571,696,6.2464,-75.5794,0,49,GVQ446,21
282572,694,6.24632,-75.5794,0,49,GVQ446,21
282586,752,6.24819,-75.579,0,49,GVQ446,22
282588,749,6.24844,-75.5791,0,49,GVQ446,22
282597,806,6.24861,-75.5828,0,49,GVQ446,22
282599,802,6.24855,-75.5825,0,49,GVQ446,22
282664,1137,6.25552,-75.5853,0,49,GVQ446,23
282714,10,6.25563,-75.5854,0,48,GVQ446,23
282736,101,6.25542,-75.5827,0,48,GVQ446,24
282738,98,6.25524,-75.5828,0,48,GVQ446,24
282773,292,6.25041,-75.5804,0,48,GVQ446,24
282775,290,6.25044,-75.5803,0,48,GVQ446,24
282800,397,6.24787,-75.5802,0,48,GVQ446,25
282806,410,6.24758,-75.5791,0,48,GVQ446,25
282830,542,6.24554,-75.5729,0,48,GVQ446,26
282837,558,6.2455,-75.5727,0,48,GVQ446,27
282858,651,6.24521,-75.5718,0,48,GVQ446,27
282860,647,6.24534,-75.5719,0,48,GVQ446,27
282872,689,6.24415,-75.5693,0,47,GVQ446,27
282873,686,6.24421,-75.5694,0,47,GVQ446,27
282927,984,6.24267,-75.5606,0,47,GVQ446,27
282928,981,6.24275,-75.5608,0,47,GVQ446,27
282951,1101,6.23825,-75.5548,0,45,GVQ446,27
282953,1096,6.23844,-75.5551,0,45,GVQ446,27
282979,1213,6.23577,-75.5515,0,45,GVQ446,27
282980,1210,6.23581,-75.5517,0,45,GVQ446,27
283000,1295,6.23667,-75.5487,0,45,GVQ446,27
283001,1293,6.23667,-75.5488,0,45,GVQ446,27
283022,1408,6.23323,-75.5445,0,44,GVQ446,26
283023,1406,6.23328,-75.5445,0,44,GVQ446,26
283031,1458,6.23247,-75.5429,0,44,GVQ446,26
283032,1456,6.23247,-75.543,0,44,GVQ446,26
283045,1518,6.2324,-75.5407,0,44,GVQ446,27
283047,1511,6.23246,-75.5412,0,44,GVQ446,27
283231,2387,6.23497,-75.518,0,38,GVQ446,20
283233,2385,6.23485,-75.5179,0,38,GVQ446,20
283246,2444,6.23752,-75.5173,0,38,GVQ446,20
283248,2437,6.23724,-75.5177,0,38,GVQ446,20
283252,2469,6.2385,-75.5179,0,37,GVQ446,20
283258,2494,6.23952,-75.5172,0,37,GVQ446,20
283287,2657,6.24072,-75.5153,0,36,GVQ446,20
283288,2655,6.24075,-75.5154,0,36,GVQ446,20
283405,3358,6.22019,-75.5019,0,31,GVQ446,19
283406,3355,6.22031,-75.5019,0,31,GVQ446,19
283435,3513,6.22144,-75.4936,0,29,GVQ446,19
283437,3509,6.22149,-75.4939,0,29,GVQ446,19
283453,3578,6.22452,-75.4907,0,29,GVQ446,19
283455,3576,6.22439,-75.4908,0,29,GVQ446,19
283480,3674,6.22896,-75.4914,0,29,GVQ446,18
283482,3672,6.22887,-75.4915,0,29,GVQ446,17
283516,3822,6.2304,-75.483,0,30,GVQ446,17
283518,3820,6.2304,-75.4831,0,30,GVQ446,17
283730,4759,6.2434,-75.4851,0,28,GVQ446,15
283731,4757,6.24341,-75.485,0,28,GVQ446,15
283785,4993,6.23656,-75.4782,0,28,GVQ446,15
283786,4986,6.23699,-75.4782,0,28,GVQ446,15
284215,6925,6.2393,-75.5129,0,29,GVQ446,19
284216,6922,6.2395,-75.5128,0,29,GVQ446,19
284949,10023,6.3148,-75.5531,0,34,GVQ446,29
284953,10030,6.31503,-75.5534,0,34,GVQ446,29
285021,10342,6.31844,-75.5516,0,33,GVQ446,31
285150,10,6.31839,-75.5517,0,33,GVQ446,36
285168,82,6.31726,-75.5533,0,34,GVQ446,34
285170,81,6.31725,-75.5533,0,34,GVQ446,34
285188,143,6.32028,-75.5524,0,33,GVQ446,33
285189,141,6.32015,-75.5525,0,33,GVQ446,33
285198,189,6.32141,-75.5511,0,33,GVQ446,34
285206,208,6.32164,-75.5508,0,33,GVQ446,34
285260,471,6.33159,-75.5396,0,33,GVQ446,31
285261,466,6.33132,-75.5401,0,33,GVQ446,31
285269,507,6.33292,-75.5382,0,33,GVQ446,31
285281,536,6.33393,-75.5374,0,33,GVQ446,32
285289,574,6.33464,-75.5375,0,33,GVQ446,32
285296,586,6.33557,-75.5378,0,33,GVQ446,31
285323,691,6.33963,-75.5382,0,32,GVQ446,31
285324,686,6.33931,-75.5387,0,33,GVQ446,32
285354,793,6.33868,-75.5421,0,32,GVQ446,31
285356,789,6.33878,-75.5418,0,32,GVQ446,31
285424,1055,6.33867,-75.5429,0,32,GVQ446,30
286308,27,6.33867,-75.5429,0,32,GVQ446,21
292173,1805,6.32254,-75.5545,0,23,GVQ446,23
292174,1802,6.32303,-75.5544,0,23,GVQ446,23
292233,2061,6.29873,-75.5597,0,22,GVQ446,25
292234,2055,6.29884,-75.5596,0,22,GVQ446,25
292285,2317,6.28207,-75.569,0,21,GVQ446,24
292286,2310,6.28315,-75.569,0,21,GVQ446,24
292779,4383,6.25726,-75.5759,0,19,GVQ446,27
292780,4377,6.2577,-75.5757,0,19,GVQ446,27
293074,5752,6.20057,-75.5782,0,17,GVQ446,29
294634,13,6.20057,-75.5782,0,18,GVQ446,28
294657,136,6.19816,-75.5781,0,17,GVQ446,29
294659,135,6.19827,-75.5781,0,17,GVQ446,29
294817,853,6.18549,-75.5786,0,16,GVQ446,30
294819,850,6.18558,-75.5786,0,16,GVQ446,30
295069,2125,6.17532,-75.5852,0,14,GVQ446,30
295099,14,6.17643,-75.5853,0,15,GVQ446,31
295119,134,6.17872,-75.5819,0,15,GVQ446,30
295121,131,6.17853,-75.5819,0,15,GVQ446,30
295204,520,6.18019,-75.5811,0,14,GVQ446,31
295205,518,6.18014,-75.5811,0,14,GVQ446,31
295268,792,6.18304,-75.5813,0,14,GVQ446,29
295384,4,6.18327,-75.5812,0,14,GVQ446,27
295430,175,6.18142,-75.5868,0,14,GVQ446,29
295432,174,6.18151,-75.5867,0,14,GVQ446,29
295501,475,6.17532,-75.5929,0,13,GVQ446,29
295540,39,6.17532,-75.5929,0,13,GVQ446,28
295572,198,6.17642,-75.5927,0,12,GVQ446,30
295574,194,6.17633,-75.5926,0,12,GVQ446,30
295581,228,6.17804,-75.5919,0,12,GVQ446,30
295583,227,6.17798,-75.592,0,12,GVQ446,30
295600,295,6.18028,-75.5903,0,12,GVQ446,29
295601,292,6.18021,-75.5902,0,12,GVQ446,29
295609,330,6.18365,-75.5882,0,12,GVQ446,29
295611,327,6.1833,-75.5885,0,12,GVQ446,29
295630,410,6.18233,-75.5863,0,12,GVQ446,29
295632,408,6.18255,-75.5861,0,12,GVQ446,29
295664,584,6.17911,-75.5876,0,11,GVQ446,31
295693,44,6.1782,-75.5868,0,11,GVQ446,30
295721,174,6.17569,-75.5834,0,11,GVQ446,30
295727,187,6.17515,-75.5832,0,11,GVQ446,30
295737,233,6.17307,-75.5824,0,11,GVQ446,30
295743,247,6.17284,-75.5823,0,11,GVQ446,30
295793,476,6.1699,-75.5822,0,10,GVQ446,30
297189,38,6.17001,-75.5827,0,11,GVQ446,23
297229,179,6.17584,-75.5835,0,11,GVQ446,23
297231,175,6.17562,-75.5834,0,11,GVQ446,23
297254,318,6.18062,-75.5829,0,11,GVQ446,23
297255,317,6.18056,-75.5829,0,11,GVQ446,23
297272,390,6.18109,-75.5812,0,10,GVQ446,23
297274,386,6.18094,-75.5812,0,10,GVQ446,23
297303,499,6.1831,-75.5814,0,10,GVQ446,23
297366,9,6.18323,-75.5814,0,10,GVQ446,23
297373,40,6.18341,-75.5815,0,10,GVQ446,23
301635,11,6.18341,-75.5815,0,10,GVQ446,20
301667,136,6.18853,-75.583,0,10,GVQ446,20
301669,127,6.18341,-75.5815,0,10,GVQ446,20
301686,199,6.19394,-75.5815,0,10,GVQ446,21
301688,198,6.19386,-75.5815,0,10,GVQ446,21
301739,472,6.20056,-75.5782,0,10,GVQ446,21
302471,83,6.20148,-75.5779,0,9,GVQ446,30
302498,195,6.19544,-75.5793,0,8,GVQ446,28
302504,206,6.19507,-75.5798,0,8,GVQ446,28
302532,318,6.1996,-75.5792,0,8,GVQ446,28
302600,23,6.19943,-75.579,0,8,GVQ446,26
302618,94,6.19927,-75.578,0,8,GVQ446,27
302632,26,6.19928,-75.578,0,8,GVQ446,26
302690,292,6.19945,-75.579,0,8,GVQ446,26
302783,21,6.1996,-75.5791,0,8,GVQ446,26
302851,341,6.19246,-75.5801,0,7,GVQ446,29
302852,339,6.19251,-75.5801,0,7,GVQ446,28
302905,603,6.19115,-75.5802,0,7,GVQ446,29
302907,601,6.1912,-75.5802,0,7,GVQ446,29
303012,1089,6.18785,-75.5815,0,6,GVQ446,30
303019,1110,6.18773,-75.5816,0,6,GVQ446,30
303091,1433,6.17661,-75.5905,0,6,GVQ446,30
303092,1429,6.1767,-75.5904,0,6,GVQ446,30
303115,1506,6.17427,-75.5932,0,5,GVQ446,30
303117,1503,6.17421,-75.5931,0,5,GVQ446,30
303124,1535,6.17481,-75.5933,0,5,GVQ446,31
303140,12,6.17475,-75.5933,0,5,GVQ446,32
303163,100,6.17521,-75.5916,0,5,GVQ446,31
303164,97,6.17538,-75.5914,0,5,GVQ446,31
303223,380,6.1624,-75.6032,0,4,GVQ446,30
303224,376,6.16251,-75.6031,0,4,GVQ446,30
303233,432,6.16237,-75.6032,0,4,GVQ446,31
303234,425,6.16237,-75.6032,0,4,GVQ446,31
303242,466,6.16197,-75.6041,0,4,GVQ446,31
303244,464,6.16202,-75.6041,0,4,GVQ446,31
303296,696,6.15957,-75.6035,0,4,GVQ446,30
303750,80,6.15958,-75.6035,0,48,GVQ446,27
303765,147,6.16169,-75.6039,0,48,GVQ446,27
303766,144,6.16169,-75.6039,0,48,GVQ446,27
303848,525,6.16517,-75.6029,0,47,GVQ446,30
303851,523,6.16484,-75.603,0,47,GVQ446,30
303884,700,6.18906,-75.5828,0,46,GVQ446,30
303886,697,6.18871,-75.583,0,46,GVQ446,30
303896,737,6.19449,-75.5812,0,46,GVQ446,30
303897,736,6.19438,-75.5813,0,46,GVQ446,30
303967,1061,6.2006,-75.5782,0,46,GVQ446,31
305034,15,6.20065,-75.5783,0,45,GVQ446,30
305042,46,6.20081,-75.5778,0,45,GVQ446,30
305044,45,6.20077,-75.5778,0,45,GVQ446,30
305079,196,6.20057,-75.5775,0,44,GVQ446,30
305080,192,6.20088,-75.5774,0,44,GVQ446,30
305258,1064,6.19209,-75.5828,0,42,GVQ446,31
305266,1078,6.19184,-75.5829,0,42,GVQ446,31
305293,1228,6.18726,-75.5853,0,42,GVQ446,32
305295,1223,6.18747,-75.585,0,42,GVQ446,32
305306,1270,6.18437,-75.5887,0,41,GVQ446,32
305316,1296,6.18128,-75.5909,0,41,GVQ446,31
305635,3014,6.17127,-75.6292,0,35,GVQ446,29
305695,38,6.17126,-75.6293,0,35,GVQ446,27
305710,104,6.17211,-75.629,0,35,GVQ446,28
305711,102,6.17211,-75.629,0,35,GVQ446,28
305720,139,6.17107,-75.6281,0,35,GVQ446,28
305721,138,6.17112,-75.6281,0,35,GVQ446,28
305759,270,6.16727,-75.6206,0,35,GVQ446,28
335782,69,0,0,0,100,GVQ446,31
335952,1229,6.2498,-75.588,0,100,GVQ446,28
336116,236,6.2504,-75.5931,0,100,GVQ446,28
336156,978,6.24857,-75.5824,0,100,GVQ446,29
336158,177,6.25021,-75.5913,0,100,GVQ446,28
336194,508,6.25068,-75.5989,0,98,GVQ446,28
336196,385,6.25062,-75.5966,0,100,GVQ446,28
336205,852,6.24837,-75.5797,0,100,GVQ446,29
336268,227,6.24849,-75.597,0,98,GVQ446,23
336329,575,6.23713,-75.601,0,97,GVQ446,21
336333,56,6.23713,-75.601,0,97,GVQ446,22
336638,2019,6.21764,-75.6039,0,94,GVQ446,21
336645,12,6.21764,-75.6039,0,94,GVQ446,24
336797,973,6.25068,-75.5989,0,92,GVQ446,20
336817,5,6.25068,-75.5989,0,92,GVQ446,22
337497,99,6.12223,-75.5008,0,75,GVQ446,26
338704,323,6.02819,-75.4247,0,64,GVQ446,16
340101,7194,6.13938,-75.5134,0,44,GVQ446,17
340103,7106,6.13382,-75.5075,0,45,GVQ446,17
340149,7524,6.153,-75.533,0,42,GVQ446,17
340593,1482,6.16873,-75.5846,0,47,GVQ446,21
340654,6596,6.09481,-75.4891,0,49,GVQ446,18
340656,6444,6.08573,-75.4784,0,50,GVQ446,17
340658,6534,6.09204,-75.4832,0,50,GVQ446,18
